track_id,liked
7GVUmCP00eSsqc4tzj1sDD,0
2RlgNHKcydI9sayD2Df2xp,0
7kv7zBjMtVf0eIJle2VZxn,0
75GQIYnRaBg7ndHxhfYuQy,0
252YuUdUaC5OojaBU0H1CP,0
1OtWwtGFPXVhdAVKZHwrNF,0
0D1pEisM3QkiacGXJe5dmd,0
4zzXm1QJQXWLyUfFhWZBRg,0
5LN9F6c1Okx7Yrwd6GO8tu,0
3G7tRC24Uh09Hmp1KZ7LQ2,0
7xQMKG2omICY6LEAmJIfwk,0
4l2hnfUx0esSbITQa7iJt0,0
1AY2BAQptLHcaoiptJZskX,0
300RfAPZ57B0y6YYj9n6DN,0
2yNWwardt8VzlpNBWrGYD6,0
2udw7RDkldLFIPG9WYdVtT,0
0Y2SrByf4G3kbq2nBEHQRn,0
5IMtdHjJ1OtkxbGe4zfUxQ,0
3qrEG6rQ9Qm72MNWeUKKiU,0
7Dm3dV3WPNdTgxoNY7YFnc,0
2TSd55BFGI75LVW00mm3c2,0
18RfnQPWVNmROX7jCRcVZI,0
2BY7ALEWdloFHgQZG6VMLA,0
2ccUQnjjNWT0rsNnsBpsCA,0
6Ac4NVYYl2U73QiTt11ZKd,0
6UjXIbGPNXXi8bcQN2YQGQ,0
2dlEdDEmuQsrcXaAL3Znzi,0
44hOGg1uFg1XJZGZYNwYmM,0
6xE6ZWzK1YDDSYzqOCoQlz,0
2oRn0QuaWQ1hragGQ7XZ9s,0
0SfcfK8IKOzTmCLeyUFZLy,0
0hSAR39xfxXXs2LmwjTWUI,0
3Qs6vSgTIYxoysU89GKJvY,0
4aVuWgvD0X63hcOCnZtNFA,0
2FSaEOwQId0LYu5o49dbrG,0
0KMGxYKeUzK9wc5DZCt3HT,0
31HOUWxaaqIedY0fULlGa5,0
66S14BkJDxgkYxLl5DCqOz,0
02BDRKIiRLkXrlNPLlpH6K,0
7IWRBwbiWJ14YZcDHHmjf8,0
6r20M5DWYdIoCDmDViBxuz,0
4R6LAvOMzkTJcFbSOmmEh9,0
4jDmJ51x1o9NZB5Nxxc7gY,0
2tbdjsdJ9xtyunKnZBkGxF,0
0EMmVUYs9ZZRHtlADB88uz,0
2hdNya0b6Cc2YJ8IyaQIWp,0
5tJjo5JDF9zhzYD7yQfATH,0
5EOoMWIB9iK4ZpcSex9Ec7,0
3qI94hINNNeb4S7xQi18lS,0
1ocQQnRS8HxZgI3CbQ2Wir,0
7lJt7vBDNUO8Mv8uELND1H,0
7hbxPibxaa7Nz1ugSnFY4U,0
1ZA8L9IOkRhmmz4nPXXx7h,0
0ZFJpY6hELA21Y5d5YmdlR,0
7yCj2VGsXAb1eErk5k8GM5,0
714hERk9U1W8FMYkoC83CO,0
50dcEB31QnSdy7CyL7VrX7,0
3wpLkju0bJy89kjgdRys0j,0
6RVevoPzbGygqvm6LxHAuf,0
4N4guy1faBG6oseDnhjkWy,0
2hE5Lm5XOHR4t3xlhIFauP,0
6PvMYScgXixWYc4I0IXJoS,0
6lazLV13sV8VNGJTjL4Zeu,0
4OTw5splgMdlYklwHMHxLK,0
3RwbqrHZwHg3hpe6sOxMpE,0
2olVm1lHicpveMAo4AUDRB,0
6Ab0zROrnoRJv4eXfYPSIj,0
46MX86XQqYCZRvwPpeq4Gi,0
5XeT9fYCeg1jYithrEni7v,0
0jHkgTtTaqg5LNCiYDQPUB,0
0qdQUeKVyevrbKhAo0ibxS,0
5D2eCwqbHcqOnfHOCM6TnV,0
74JdR9aXE6I74oS1BVRsvb,0
7Bz8yww6UMbTgTVLG6zbI4,0
5F8CrWvnESlOBmFkyxFJqt,0
1JO1xLtVc8mWhIoE3YaCL0,0
7sAWOqtpE9uWGYML3WLNGw,0
6pxWv6GV35VGmcPf5dh6CH,0
4yjz1aazw6R8ZURpGbCAkp,0
5bdV3YXrlYSw1pwJIrEpF4,0
4BP3uh0hFLFRb5cjsgLqDh,0
5dFoWIiJ2814hRwMYDcFiU,0
4GhtDORJiSRYxj6M1bv0vX,0
3SdTKo2uVsxFblQjpScoHy,0
5Fwif6oyL2EjXAFTGL909U,0
6UpxgpAPvAXRdxQMI0PpMn,0
13Mzsb8VzRSZ5w3pM48cn6,0
0zRtBDhwtIFTfoK2HuURbM,0
5g1rzUEyVFNr2i4ifEjlVN,0
5haXbSJqjjM0TCJ5XkfEaC,0
2M2WJ7gBlcKNxdhyfPp9zY,0
0xzn2U71zNWLeJbE4Zat4C,0
5U3i59kbTLrxo46TU1FRnF,0
6UW4Uo5zRI5gJw5urNwiwN,0
2Xb6wJYGi0QXwURw5WWvI5,0
471eUUcbGi51YG8mooiuYF,0
745H5CctFr12Mo7cqa1BMH,0
0ikz6tENMONtK6qGkOrU3c,0
4cOdK2wGLETKBW3PvgPWqT,0
4z7maGZkAonDlXlwo8q69f,0
4V2cR7mSEDaRa7DXiZMN7o,0
13v3siPyvy5TTEZYmGPPse,0
5JnHzjo25FY1fMQMQVOawB,0
1jDJFeK9x3OZboIAHsY9k2,0
4RvWPyQ5RL0ao9LPZeSouE,0
5zH710lFSLtkHbMkslLDjR,0
02lTDOxHeXTHsdwXoz6lpC,0
1srD2uc11TcQiOmHHrJp8M,0
2z1uVu3OwTmPlfqt5TWk5k,0
5qxChyzKLEyoPJ5qGrdurN,0
0M1YQiRGel1tTMjA3orfRd,0
4OdhffpvG3HxDJMxYOKh97,0
7u0b4DthVvd2F2EzCiOx0Z,0
1gzIbdFnGJ226LTl0Cn2SX,0
5Hyr47BBGpvOfcykSCcaw9,0
2K22nUTdyr48JDwI5t906t,0
7pu8AhGUxHZSCWTkQ2eb5M,0
0vOkmmJEtjuFZDzrQSFzEE,0
2WfaOiMkCvy7F5fcp2zZ8L,0
3Pu3IChaAoa5EjgUBv5F6x,0
7HKxTNVlkHsfMLhigmhC0I,0
4KcH1ZRV2W1q7Flq0QqC76,0
6hnyQ0YpiO35rutiLLHLmr,0
4KfSdst7rW39C0sfhArdrz,0
4PJEK76V3A1S0XzZJuTWh7,0
7zLGHdfJ3JRPxvc96mEPEi,0
254bXAqt3zP6P50BdQvEsq,0
4wswaG5vmNINMZcVBsAyBP,0
61fjeXSGKDkIUXw9yEDnRY,0
4ZoBC5MhSEzuknIgAkBaoT,0
5jw1zzcYFivmuJK52JrnMK,0
2Z81PDDYNMTxZKiU2XIuFx,0
1DdIcvg2SZ3C8INMoEoHzR,0
3kJXrEVUCdPQ3e4e5k9OHC,0
1BY1Vd2Bt6JPOhMvsIwtVv,0
0Z3xhSOhrawLV81YdiDiiJ,0
4QQEzkxcONBthDLfzqIh9S,0
4w3tQBXhn5345eUXDGBWZG,0
1hR8BSuEqPCCZfv93zzzz9,0
45wMBGri1PORPjM9PwFfrS,0
1hjRhYpWyqDpPahmSlUTlc,0
045ZeOHPIzhxxsm8bq5kyE,0
6GXgd1BPD9bUpqw5AntGV5,0
3pv7Q5v2dpdefwdWIvE7yH,0
43y1WpBdnEy5TR9aZoSQL9,0
64FzgoLZ3oXu2SriZblHic,0
1K39ty6o1sHwwlZwO6a7wK,0
75W3SngKzTuoQ94uLf3y82,0
5QVVjX0ZItqlVpEuVCM9Yg,0
2f0GI2ZLUtbGqFx8t2Gk6A,0
2ByBBvpR9b7IynvRmnG7kG,0
2ve0kuaWUCt4Zx8x4bf1MR,0
4UwqOWDpdeIDVQDuKT6iza,0
2vPMoMDXxu9uX1igWZmXSG,0
71BqAINEnezjQfxE4VuJfq,0
4NioO5R9sHEZh4cGzMHyNt,0
5KD6AEm19QnMbfWpfoOHMl,0
6T0sEnqjmHISIKwFETeeiP,0
1Iq8oo9XkmmvCQiGOfORiz,0
7G0gBu6nLdhFDPRLc0HdDG,0
3MytWN8L7shNYzGl4tAKRp,0
79uDOz0zuuWS7HWxzMmTa2,0
5xXqyjLicvEpch72qEryFT,0
1zU8j1x3yi9xalMF96pzKp,0
30Y4CV7A6YqtQtTTo7Ue4j,0
6dTA6y0C2ReQklntzZl8l3,0
2EFZ9emtKWEglWUQGEQ3P9,0
3sW3oSbzsfecv9XoUdGs7h,0
0NwGC0v03ysCYINtg6ns58,0
12nBPF4Rh4XLFJV0YLN7uj,0
4tMzIAFTFdqGBQLdfbPces,0
59KOoHFcw5XfICnO57holu,0
4hqJ4bSlYJOXb6Z4SRmzxs,0
3yNJkriPzWjkkDAWHIAVUq,0
4evLyY5Ue1Wesc61t2KXAU,0
4e3ZNTAV6PCrdYMUrUlMpQ,0
0zo975x58DlXbZllWvfYhg,0
5kHMfzgLZP95O9NBy0ku4v,0
4ABYxlb92WBIjHu7TIKmml,0
4s8BIKx4Zh6ryAEz8RTlaU,0
1HCdems7PQZRj42QDWLA0A,0
5E36pd9opG8oT1GkKYv7qz,0
7DAB0lFAvDT0Nhw5BjBqt1,0
1BJWay8HsY5Tz8L28itkCk,0
3zRe2Yz0GZgy3Cr5W8SRLo,0
6NNM5YsBgh6jKmLaWCDDec,0
1DAHLigfUqSLrU3RLG1EKR,0
41TKEKuYDOQ6eNI56mOLqy,0
7EkAf94yIyU5k686SDYNHP,0
5eZin4PL4EZpemG7Vi6Qvq,0
2pRNMwZ4lmmXBQRjytMyi2,0
6IW6cNEGZEtgJtw9ThbrG8,0
5YhIwCzTBYp9TfSYFRyFL6,0
7zcJSflhqcSGICHUjgncnj,0
5lFDIbYMcFHPPgzMcnPqSz,0
78c485atQVK19038U2RUld,0
0YrMTMLpLq1UIkWgghNM6c,0
6tNSmBKSjFV1366ASuULfZ,0
1IBhYEvvi02tDVByxIiTh4,0
2T9WeqSMJJb8YBDHPYGU4p,0
6KcTkNLx1IKVDAdexl24kL,0
31CdkzHnMbvJuKZvtCQfR6,0
1ftFtW8S1621tu0MIQy0Sg,0
2eybKKDV7Naq9DhiUJpJSP,0
661CJWXysgwKXI1dreYNBU,0
21SralRv4ucDT3i1rYrr85,0
6Gr4KvawYKiZBHQWub9n7o,0
5uQQcvcXoCwKPK5sYvarzO,0
2bspOurPlpKv27SVt7UbHy,0
38TSM6TDx1fzs7JnioMQXe,0
19JrUNf5amGgM9Ui9kdkss,0
5XaLWURooWKZiraOWSTWjm,0
6lJPTJCHgLQ4kr69SftElR,0
3CiOGu8nBPGfrJr4whAOZX,0
0WE0h1qUWJBt97DtvuMWRN,0
1gWRnZ52AK1ZUvpjjTteKf,0
44V5YKYkMw9vVqnnYTMMIc,0
1GWuUzSQzL9XSyOy7beCTj,0
6PdCbJwSOeovMX7kfwiAxb,0
5OGALUjGm5kCEpejHs6vtA,0
0EepXu0NfnnUX8efEZR167,0
5036yFLEPBGtJLTKKmHJBG,0
7ovNQzugF7Rf6KYMvcfwSG,0
04m2nJR2Ia6d1ZOt8gi5xA,0
77sMIMlNaSURUAXq5coCxE,0
2nqio0SfWg6gh2eCtfuMa5,0
6YvqWjhGD8mB5QXcbcUKtx,0
550erGcdD9n6PnwxrvYqZT,0
5YL553x8sHderRBDlm3NM3,0
1qrpoAMXodY6895hGKoUpA,0
7HC7R2D8WjXVcUHJyEGjRs,0
0k0vFacOHNuArLWMiH60p7,0
6iiAfo4wTA2CVC3Uwx9uh8,0
22bPsP2jCgbLUvh82U0Z3M,0
1msEuwSBneBKpVCZQcFTsU,0
6ON9UuIq49xXY9GPmHIYRp,0
3ExweHKZF9B752DPQByRVT,0
2m3ObD945KvpE5y9A1eUWm,0
0tQ9vBYpldCuikPsbgOVKA,0
01QdEx6kFr78ZejhQtWR5m,0
1n2wszmJyVkw6FHqyLnQsY,0
51A8eKvvZz9uydvIZ7xRSV,0
1cSFlSBdpT4F5vb1frQ231,0
2JoJrsEV15OzbijS47lids,0
4CHpVfAhuxNJ3ibExe6kxO,0
2CYVETnhM9aytqrazYYwrK,0
34V9RiEPe8MNdU32qJsJa1,0
7eResoqEJJAVTkQYSqvO3P,0
4uuEGH5SVuzkkSFjo2DEiY,0
4qUijfYU8EoIWiY6oSyrgT,0
58P060mo9WWgEAdDvf0Riz,0
0fVrVe7Vxd3nmbJDiuX4cv,0
4mPOHhdmdCePudiBDbAiPl,0
6cpa32VdG5US2mYGNBbF9I,0
5U0MyuuCoOoniHLQFLazLF,0
257CUonahBouFWEhouuLYQ,0
7FDAG4nHExiYsHq6q7cmEn,0
25TmHz7flNEc2Knau9iFFL,0
1ofQwiozMPRwf5g9MIjaHx,0
3fs5SqsBJmczNrdMEn2hlr,0
279zump7XNXCTElaqukWFr,0
3H4F4JXYfyxSxY3vf8gIr4,0
77fHtse81VKtp5CECYhl8D,0
3RJxSWIqAuu3rCBttc6f5j,0
307GTVXXkcVBH1WQm1sMCd,0
1BwXCMe8F4goPwResZJPHb,0
2E2BEJrIiMTRnmDnasT9vb,0
5WWzC95Mqp3OYgJCHwjHdY,0
1PybBpkSEB46GS1TF9n3e3,0
1oyvfXXSKGurQV68wZq8aK,0
160aOpD0QnQdUHBbWbojTx,0
4Ue1tL32N8J4Y2WhcAWlgk,0
3zBBJ6LVn8Y9JnDrnPxvMC,0
55FiXQZgp3NChLYhYC1rnj,0
5jkmNosiv4Tt9JRP8JqT59,0
5LRDGLySkHo4G0l32jU2cB,0
2gmCOqKc5sc72rtRnhrbKa,0
2Uoesc7DCQIE58OECSTYtF,0
3EPwQ6nq2dQEeoRqnm1boe,0
0b7rims1HOMhXJVCly981N,0
7w0hHA41usBpo8isfAtl1g,0
3YT3zOo7VgAlvW1yOUMXDg,0
6S5C2Cdmzn9bxlmLQYoXyU,0
5dwQhzeE8LXpl9sbZJZmQS,0
43rA71bccXFGD4C8GOpIlN,0
1BxfuPKGuaTgP7aM0Bbdwr,0
1dGr1c8CrMLDpV6mPbImSI,0
3RauEVgRgj1IuWdJ9fDs70,0
3pHkh7d0lzM2AldUtz2x37,0
2YWtcWi3a83pdEg3Gif4Pd,0
214nt20w5wOxJnY462klLw,0
4y5bvROuBDPr5fuwXbIBZR,0
12M5uqx0ZuwkpLp5rJim1a,0
2dgFqt3w9xIQRjhPtwNk3D,0
1LLXZFeAHK9R4xUramtUKw,0
4AYtqFyFbX0Xkc2wtcygTr,0
5hQSXkFgbxjZo9uCwd11so,0
6RRNNciQGZEXnqk8SQ9yv5,0
1SymEzIT3H8UZfibCs3TYi,0
2Rk4JlNc2TPmZe2af99d45,0
1SmiQ65iSAbPto6gPFlBYm,0
1fzAuUVbzlhZ1lJAx9PtY6,0
3nRmDz7qGCvsMS30rGGY0x,0
1u8c2t2Cy7UBoG4ArRcF5g,0
0ug5NqcwcFR2xrfTkc7k8e,0
0qUnBLZ8bJqUNEeQgayL9t,0
6aLOekfwbytwWvQftxTEF0,0
0cqRj7pUJDkTCEsJkx8snD,0
5gRYrtvyVyaCRvLt56OfuV,0
2NlmmAjGYrrjAp0MED5rGx,0
4A4A6dwl5DqdqrZaEtKGPR,0
0fM9dEhUFV4MHDuJgrcfOv,0
4L560fic5PaTuCFm6CviKa,0
6EwNJz8CuVsrsLvXprJ20Q,0
1NmVZsG18CzCAtw7rnV3yA,0
6RvRzl1YJTDnUvdOtV21IK,0
2KrOAg6FftbjgSKdd2a4rS,0
0qAIiGFKLdV1xpNlEhjpq8,0
2yLa0QULdQr0qAIvVwN6B5,0
2x0WlnmfG39ZuDmstl9xfX,0
4svZDCRz4cJoneBpjpx8DJ,0
1R0a2iXumgCiFb7HEZ7gUE,0
6NFyWDv5CjfwuzoCkw47Xf,0
1P17dC1amhFzptugyAO7Il,0
5PxFv9yJEg9dxvbZggykro,0
1ZY1PqizIl78geGM4xWlEA,0
0VE4kBnHJUgtMf0dy6DRmW,0
7HuBDWi18s4aJM8UFnNheH,0
7I7JbDv63ZJJsSi24DyJrz,0
6oVxXO5oQ4pTpO8RSnkzvv,0
07NxDD1iKCHbAldceD7QLP,0
1GwMQaZz6Au3QLDbjbMdme,0
7F5oktn5YOsR9eR5YsFtqb,0
0b16LTzby1YRVd2nq2Z0fw,0
7gJtmLyPTwKzhGzMBXtuXH,0
7nECwCDHS1JvQbrmuorZIH,0
3lKZf71jeNi14udIFPJ29V,0
6GNRkaWUB0Lwc19SdkTgx8,0
3WC5CVAahvn98hiseoIvbw,0
1eyqSYBCTane4rl4vc6PWJ,0
6kISMRfweKSvgHR0urMQFG,0
0F2S1QlnMaOfmNHIgmES3k,0
2Tz4JnXZOcjcp8fWfMjBBk,0
3KmYVOuK2eG7LGP7qQ8DLR,0
70e9zuv2pJc7ON1OUAJ1zl,0
5VQLMrWhailAhErKNUSnv1,0
5PjfMmF06QtxTPZBZHdhoZ,0
1gL4vMhDV3RgJQmDuY5HK1,0
1yG491M3fRfowMdGN5pey4,0
4qTAwKJQ68gmnrnfPD3vlO,0
1n8rB9AhxiAvVP1E2c3yOd,0
6VFpuI0DDmbC5UyWZQ4IRY,0
7skiELMb9SiQCcBpsExIJf,0
2OghnlGqZZsFzHjG0CSE9l,0
5mfDBWY7ncZFm7ykmFTG4i,0
2y5aJvzXhHPA94U5GFAcXe,0
0OAHsZ8vrS2NKom3cvfJQD,0
09cM9BjyNFizKUOXh6j9rT,0
0tr6XR58KBdDYd8qvHVTs8,0
2PBghI9zJkQEWBzMSMo2Ki,0
6yM6QsnTCTVOkKEvg3hGlo,0
3sqrvkNC6IPTIXvvbx9Arw,0
55mh9j2aB7xZ1Oh463gK8k,0
72idZxdEHLbi2YI486c3sE,0
7BFc7ffruhZ4Hecnqf5xju,0
7k7BOXE4u6luKTwcLEAyrd,0
5aNkiOMxQXkpoEY5bTYoCh,0
67Io3gxHwfbUreBf114c0u,0
2NIBaWXdjaTDmytjjwbEfP,0
0kAZ3H6G9Zac4PMpmobMkj,0
4axSuOg3BqsowKjRpj59RU,0
4d1CG5ei1E2vGbvmgf5KKv,0
1IxeJLsubGTboNN9K5XNfL,0
1aU1wpYBSpP0M6IiihY5Ue,0
1mh5dObNoOvCfHmXnhvDEK,0
560uQyz3p5G9WdnMX39xc6,0
04xrhDrQ2WOW8GLwu7kbc0,0
4MGexoZc12lqE0hYkq9YYx,0
7N015NTIWGjQDddHUdHPoO,0
3EPgWM1zfTSzEc0z4AwWTM,0
2slqvGLwzZZYsT4K4Y1GBC,0
3i9UVldZOE0aD0JnyfAZZ0,0
2mvabkN1i2gLnGAPUVdwek,0
0z9UVN8VBHJ9HdfYsOuuNf,0
2Sy2oGjP5RYB4cLVoDU0Gz,0
4P9Q0GojKVXpRTJCaL3kyy,0
3CWq0pAKKTWb0K4yiglDc4,0
2bzUVEvpZ7At5cYz1kOLI9,0
4RBKAqJ3qyvvriDG0s9IJ3,0
3lm4L3pPL32PFy74dR17OR,0
5QkzyLUb4ggojNDp8G2OxX,0
5g7RMU3cV7zXWH244BLe7G,0
5a9hUL6ZuiagZhazwrtwHF,0
7EvU9pRoJ9Xs7anx0P7tEc,0
7yndkPYP6YQQLBpPsizDfh,0
4lD3RXyvHpJsM3BhIEC4aA,0
2fgiBCtbWo8pijF6M7pN1i,0
5fOV54t6mMYv3H9CsnvU81,0
7FKbTRXXIWVFQmPH8zGfU0,0
3oF7Or7T35yhQbGxbCGvRX,0
7ryS0xBZNYjQqql34GCkDp,0
36a08nLG1xazGaaVKK0vv7,0
7712gjoih4QoDbXpljEk21,0
4PdLaGZubp4lghChqp8erB,0
7uGYWMwRy24dm7RUDDhUlD,0
6dODwocEuGzHAavXqTbwHv,0
1kbEbBdEgQdQeLXCJh28pJ,0
2fPvQfGQEZOKtJ9qXeL4x8,0
2d8UxVNhJinc8uat9PoM9y,0
7Mts0OfPorF4iwOomvfqn1,0
1DTRUYVd8rYpla9hhVVwjo,0
4QMgEffJQuKtjCNvqfRZ0m,0
7wAkQFShJ27V8362MqevQr,0
00RBUC7CPnPntU3Ps320uU,0
6OTfUkn4BwQtSnWvwO9vyR,0
0XRb6eZE4dBIJdqwf1Mixu,0
5thVzD79BxlDTYy0LfHzvu,0
69Qzz3yyQSsA0T95jLDoPL,0
1cSgKCsIM5WCzlLgRkY0Ov,0
1sNCUR5bUvFSQVDYEvsHCU,0
5aU0fpmu2sdYJVOHVHCz5s,0
1lrVcur8lGCYOPOO9rStLE,0
29YePgOxuPLfU7uZKxKf6w,0
5UHvVfewZKxwoB6gdhSFtr,0
1WxzZoWBTmB68AtyA6ejBB,0
2OvldWM8rVnp7QCn9eCrr1,0
3tgdOveYac7YMEAQD9sGLf,0
11PgL2XjsTBszhAPqttBJS,0
5FXMRdJjKq1BIX4e8Eg9mK,0
4FeczSomVWVyU4FW7xDeAI,0
5JCDVLwteSXuwVqjCa7SwH,0
0bmp0lE3ArELHqda9PBMVG,0
74M9Od5nZb3Ct7Dk5z24ZW,0
1O3WfEwaSpsgZ6tw8jNT8I,0
3SHopOL3KEJ8PFl3vJdfmF,0
3TrdGeV5bEpHezExHlsguD,0
1gwO79MdYdumgIjxq8eCxB,0
4lKuVRhrSO9le6tRbgrpKC,0
3H43T5swYywvcdCBFiDgW6,0
6TMfIoPi0DdkxRxpARTnUv,0
4BiPsAV070dg3eLSVf727A,0
5h4HUJcttHP0EuMLLdfXyO,0
3bZPdEskcnMdepwCaDSJRl,0
79hQvdTHNBkq2fp2ZrM8b2,0
7Esjmr77c4SU5IlMtym7Ho,0
0iXLwnLmLwn9y54JtBTNxY,0
5L70RGPJEdooqtrgR7vd6U,0
4dHpmIzCAIljTQVNKMjGtM,0
1a8w8nlIyIhE2W1HIayKnl,0
7uubRr0u9Zxc1Y84hEn7Xf,0
6UgcN95w7vQxkR8sEFmwHG,0
5jOHD4c6UayVZn9Xm7IvyO,0
0ZyJDDqBjI0rDnn31qHgbg,0
2Z6HgNji9cNlFLNORw6wDQ,0
7y5t2ePdh0lAejWJ8vPSuP,0
6JUQViD0hLXlvWXCV4uUF8,0
2gXZp1zDDA5bnPsLwrSMRj,0
0lFu128V4oyHP0GTTw28NS,0
5cmfHLMKcfe24nzVW43BOv,0
61nhQgqIEr8c63O5jJkuWz,0
7m1sGPCBFqA0KrkodPu8BC,0
5qB4HGkYquowm7PeJAmpdI,0
5eIYbtHTZomvKPucc1oJoo,0
2tqIKAq7jGWdt7u6Gb8tRF,0
6gHVMInOPMsA4ujf0nWHSt,0
7yOzoawWk3TebR5EZW4xRO,0
4mjTMmz0j6Wl3GhODoPqTx,0
0up9rhm9qt2LW7cnoDFCMk,0
583Fc6qU9thMdXu64j1Wus,0
5bZeugrr7oIATt1CLJuhT4,0
1CcCntDuVJpjqkJhYGhuMw,0
1bQhZOoXYqjXs7u7rFXo0h,0
55cwGtYrExG7slEAor5jeR,0
0b7qBgsDlYz5koxoIdTZTe,0
1t3koreZmmgvTYvxATwqfz,0
7mI47ohbaXHF8Kgt1wAgbc,0
7oYPjjNuRqAPJww2Qfsxno,0
1ZMiCix7XSAbfAJlEZWMCp,0
0jQGwGtEuSmjvVS2iKEOgG,0
4uJDDG8vXJ6fZHtTfrPfMX,0
6cj1qZxN3I2OxvYMDlIsNN,0
5AWVGdsk88fcsrssrAdyEN,0
38o5lj4mbLK34vQkJUlMrg,0
727Z2S2mtNH46CbP9EWPwY,0
5keXeMrCGBYXpJYQ0FFqjK,0
11lFSEnkj3810ojPLj53RO,0
31qpuSGsfqiyrIBWN4lrPq,0
0aL8OJBj6yPcG6aia30QfP,0
07bsRv0pcpbG4zJeLsUs1p,0
6rG1DdPCTzGibgHliYJ4ws,0
0PKEQjnGn0LmPjozJ3t4MF,0
2rizacJSyD9S1IQUxUxnsK,0
56sxN1yKg1dgOZXBcAHkJG,0
1T7633U5gy0gxCtUF8Lwns,0
1HNkqx9Ahdgi1Ixy2xkKkL,0
5tJqtSvAfTJkMrV4Wst4Le,0
7fY8qVujvm5lZBrt5Y1sIJ,0
1HbcclMpw0q2WDWpdGCKdS,0
5ubHAQtKuFfiG4FXfLP804,0
5TvFfDlVoUWZvfqrhTJzD7,0
2RttW7RAu5nOAfq6YFvApB,0
0d1JQdBaeetUo8xAiKCT3C,0
7cWnks0lsRtpAi87COOiXK,0
3kuxr8U3QynLzyW82p5hYR,0
7F8RNvTQlvbeBLeenycvN6,0
4sNiMTu47WkUgW87qeUlWF,0
395gJWcJQK0C3GJfHAn7f6,0
4KCbZcshgibfJSCAkg87Lv,0
4iFPsNzNV7V9KJgcOX7TEO,0
6MudETKykE31rz3v2DOHa0,0
5zcfnScTSFGCHGY1yeXWke,0
0gRNu9dVzi5aC87AI1empZ,0
1O5mTSQa0sCce9ghhDqIZl,0
3t3wsY5IdLVzB9WidegJSU,0
189DQylImZ1hGZaIpAQUzx,0
52itZ0w0CydihB2JCZEIft,0
17opN752ZQpNuoptelsNQ1,0
5fKzdTKPV9vT4WEjEdxXrt,0
1YMLgvsQdE27r30q0fsLeV,0
4f5kLqyOJ5ZPnalEVMQrB2,0
3hoXhwP0ub9LdSJV4olDIc,0
1CVqr5LImdmJ1Upt4z08Pm,0
2iZeKe5avjtKVmjfSFkpxd,0
2cPUB8EOT6AfJ8oxhyoNXL,0
4cltuh2RNH0LyZY9I8Vi08,0
2VR1z4g6haFyMoghNj46KB,0
0rxEPf4Y6uBmV3hkrV340a,0
2WnpXcXoX1vYvERYG3eKlT,0
4EHa33GDXoVWGXYOO3cEGm,0
2XYyriLyJSuGj4FN7QoNmM,0
2dPUug9YiNL4ypu8UF8SnD,0
1wnozUBSe7OMpmZiTPJC5j,0
7u5B4ptccyg8T7NPfByhE7,0
3gOXq3FPPesm7VLPKmef6j,0
5ecrmd9bRGk3JoYi5Y4yPL,0
4hXHlAc9ZOJY5pGbdfuWsa,0
7mHS2rAwnUCc4OLyB3dwLr,0
5Stu8dViyRQhz4tpTcyyKq,0
4mvCymMNMwwhZ3azoSd066,0
5NdVbWjNxxzv3SMxtINLu2,0
4dIXexUt5xZfhf4f6lp90B,0
4u8xrxiKDqh2w8Q2wUjee4,0
5nr7vbPagiOgoqNSnYsG2H,0
5xRci5qoXzzJgR6ZwzXO2J,0
0g0XGGRkVBxxBrYYfLonre,0
5Sif2EoFy6jvZ31s0wsB6Y,0
4Zuei1UAP5pB5ovra9dnnp,0
0OWzDem8abfJvWpQcssjIE,0
28Rpdw01WjsAKer8ZuEwo6,0
0pw3p4gf5homOkvOGOJulF,0
1tPPINau3vBP8Q89JTn0ER,0
2R4zzmPXIFuBH0BqdWDkfC,0
4N7c9vtfzGawbAjes3h21C,0
4wANB882g1ZhF2V8ugksY1,0
4NmWv6PEGEAmorN5UN9fRo,0
1yYM7dY6wSJFp5qmxPRLu1,0
6q4GmJDbiZ7viOqLHP76cs,0
4AAvXkm29HYs33xt9GgCkD,0
4YwGnKgtq7V0EI1hYNOirm,0
2lALqW28yjkmb6LCBBUc7j,0
47l2Dd3XPBLio3kjbEMyDJ,0
6GQK4G5o60E8YA18DGpAzv,0
4bIQXffbALkCC0Xo6aTicP,0
1QufGJee7k9v4Cfp2NxXbv,0
2VJIaxgWeyw9loL1sqKl7c,0
3FS3ItpUATpALLi90uvkde,0
5arambGXhSW6TZUR9L0tSw,0
2C6l8EGcbfcLXu0mWfAadB,0
4BTPzhEsyW3blWcxcuhLM0,0
0Kd2IhGYGYrOATgOOnDBzI,0
2pgMykS4vRfWjCn3HBW7Sl,0
7uTi48q5iwaHKcuC26I1tX,0
5I0hAD5VTAOwjHaGTbp9Hg,0
47nae8IgXGPHeTgn0l0Vdv,0
2HFVjplAK4y4yBibQbgNyT,0
648GXyKI62FhbeBq0levWr,0
4o5mavZFXYYi7e0Fk0f9eZ,0
1bhYympuYYM80b63IbCgQr,0
37QFYtNOmvmXrgesLTRhMq,0
74dP5hqakjK6WAs05TqOwb,0
0X5jMLCYWZjuXHRc1zp0G6,0
1o8YPl0hyGbpRcHplXNvsm,0
1hjL51XZkyEkPjxuenbgKf,0
1Dw8GkFpFjUpNTUpfF5lee,0
10n0CBjCwWL9aJwX7YjIGm,0
1bfWK1SIBYXzWA0Ypt4KlD,0
1tf2iody5iRLYYPDSBpzRc,0
0WvjrHwSrm0ZfhRGje2j2W,0
26elzgFl8tvajnDfeoY1YF,0
2ncqKdTj6dz7tWoTMMrAtq,0
4Pow6acOGSaXcs6Gd05SP5,0
4UMIv5jd9gK98a39BQRD9X,0
2rOnSn2piaqLAlYjtfUBlY,0
3yHyiUDJdz02FZ6jfUbsmY,0
1r6GbBLdtUK1Vl1IHT14wP,0
2ceeTJAzKy295Fm0VsaXtE,0
1hA697u7e1jX2XM8sWA6Uy,0
0rk2X5TAhraBC5aCIXK2Rq,0
7eQl3Yqv35ioqUfveKHitE,0
1cXxZrcvzorwSUhUIctDsH,0
13mEq2gZa2puQOvLY1lZc9,0
45PA9lW7U5LYnlpGrdTyHY,0
5pPyvA03RKSJrAnnDcq0nh,0
2PvaburAUlhNHxVhw5lvOq,0
2fMlezwwP5Hr1UwuAknN4o,0
0GQngE2rOYvlKwEQjTAsP8,0
6zCQF5tu7HVwU9shhKqiuF,0
6FjbAnaPRPwiP3sciEYctO,0
3W1XHtgu4Pt7ai4d8RrKwD,0
2yspDGJntwkUjvzjSbeqZg,0
6k1hBhDbcwyh1KuSFAoLTJ,0
6TgV6Siset90PvUt9VCnhr,0
1nofF5Okx5JM71VQD7IecC,0
6dCpB0vj7xrBMyOH0mDuNN,0
6N5WkgPIDoTdbCXyyIIKAv,0
67LdLmIj2GVrGf4ZUuLaE1,0
6qrifdo7QINdPQr80IelGi,0
6gQ0OGmYFO6nEc7EhkYIrH,0
6yE3zWTQTy7mM1sl2jCrSy,0
4My8w8AA1JpG6E5SiAPvJL,0
3Sz9b5LuyZ48AFgc37Db8v,0
3CCKZEmtnCCbq2jrEihxgr,0
1Hdb1FkpQG4gv4Y2lMGqqR,0
2yKXi7Q6huWltPimnoeNBt,0
2H3Ybag8WuTdoaGVMCDqRl,0
1POHuRxp2N8HcwElVrvN49,0
1qChnX5WTdkE2oCCTyFrTu,0
0N3Z2AgLRFHbXXPWtJW372,0
7ixKqsHOKiQZAdSvERM3TY,0
2qdrc6KIEPDhQNWIuKmVYB,0
3euf8ftyX9tjpqXJgF5NlM,0
6VrLYoQKdhu1Jruei06t65,0
05QUYSOApWLr8oBbpONl7p,0
77QBG4tCgN0IzdnB6Ph1fb,0
53XRfIgocnwDCIkpCEyqbU,0
515DEbUsVhrv9q0oAA5en9,0
3h3my2rW9ds0LhbslW750n,0
5StUSkq8PnSetXJAW0EoFi,0
6GvEjUmxUoVOMJMPK0STYZ,0
0RSGPiykniIg8m7JhiAVv7,0
68kyeHa4UBlqTkwoy9tBHV,0
3eqApUN9kogvB9AQKDXzly,0
7As29616WcczKfd81I2X9F,0
6BvRzfqi3sMAoQYnRpMVL0,0
08kTa3SL9sV6Iy8KLKtGql,0
6JojggN2GAcUg4fvNROB1s,0
1ZiReD9pPTttQWwSoYqdyH,0
4IX0NlPL5ydiD1jcuT9A3N,0
0pBuS1csqDidhP5P3UAUfH,0
7xXDArrTW1rXbcRalyoqiF,0
6MhEokaVEvg8TnCYcpvlvx,0
0ZOkSHrdY7KQl9gzAp1gul,0
1ZSDzB23e4K7Xg9WIKIymh,0
76U2sVZzNLjybGbu40iXGb,0
4qpvCNIUdfT2ND2HEisUcZ,0
2TbfqIrC82fKnkawwMlSvK,0
6yo5kQUJXTP6Ov1JFL2rqr,0
59FM7MmPIP1MsQE5cMlAAn,0
6nZQeNdsgaTFvCenGKFmU5,0
5EYBryPOgIEPB7r5QIy6eG,0
6A6il0xlgnUK3LCxCcHZRA,0
6IjeHG6oLIkZeSq2SMEAtd,0
5WpqozSNzm29cj0aPClGAJ,0
1aWuCBLdHELPnFaBmzIYiM,0
093PYI9GcBf4qbJ7XizqqD,0
25yA3k7cBNDqejRJUun4Qe,0
5Z3GHaZ6ec9bsiI5BenrbY,0
4gYjxdkw7WzCCuNtPmhJX3,0
6i9997Q9R4M7RuqQEHq3ed,0
1TiZWEsxN85yLJBq56K8mG,0
0dupI7MHvlSXuIHH2YXWHC,0
2tB05aqWu7QvgTxHiusN6Q,0
5IEi6RGx2FaJGtmsrkbpgp,0
7wfxf9QXBIWgBx1aG5QWhR,0
74G0T9Zo5TAJQabpW4gIs3,0
7jb91qnNv2R1XdrICW4A0y,0
3zhu82AQ8JdK8lHTJb18LH,0
6Ki9mwZXkthhVoAzzwCG7z,0
0GMs3jq70wmCo12pavj4st,0
5Lu0vv78RmKZeBPpP1N8za,0
3BHFResGQiUvbYToUdaDQz,0
3qhlB30KknSejmIvZZLjOD,0
4o3XxiQ9BljY4OU38zanC0,0
7M2UiRCmybJ5fuT7Wc2iDR,0
5hx7w26Zi3zafMgvMTUqF6,0
3p7XQpdt8Dr6oMXSvRZ9bg,0
3FtQes77xlbS9QTVts7p2u,0
72jbDTw1piOOj770jWNeaG,0
6eI8B3QW20P68MCYMb4Etd,0
3z06k8YF9CqX0CGFrlekOK,0
1sgDyuLooyvEML4oHspNza,0
1AHa2iLVTyjMisXwg0oMh1,0
7CuirbdoToNGURPTSxXUyV,0
1lvK8Y6Zt4od4CWj82rLhE,0
0tgVpDi06FyKpA1z0VMD4v,0
2PR4jVXzyjCky2PkONvipq,0
7vGuf3Y35N4wmASOKLUVVU,0
18uwL0vNUanqZH0ro2QcOP,0
6Sjg6cp8yXtKX5DrcEl7HV,0
34gCuhDGsG4bRPIf9bb02f,0
2OnXkCv6h8JeofTS4kX89z,0
2gRKq9rIC5i1zuxp06zJWH,0
26EUMZ4SNeNRXS6RVe4K2C,0
5iFwAOB2TFkPJk8sMlxP8g,0
1vjQHBoJWpQ3rAPRDVjrxA,0
33wQ73bQJcHmyeDgwrG9Cl,0
5O2P9iiztwhomNh8xkR9lJ,0
7BqBn9nzAq8spo5e7cZ0dJ,0
3dDGt4oS1CWTlPKBNyfKgq,0
1iTW03IQWD2l0bU8VGigk6,0
5wag9dkCo9SLgmx9CV9nm7,0
1XMQPTzIjDiPUK0siiavXi,0
7g4qvUQ4URhFVf5h02RxvS,0
0U4IVg3lLx4ULStJxafTd6,0
70tvkutUXPuNUBC3OuSB10,0
47Os7iRnGaRvVjwf70gLuI,0
2AU26d8hRCPAcY1mgzF5CR,0
7ztSVy67w9rXpKg5L2zN5l,0
5OcrPRyy3gN80U00Pi3vS1,0
0p19g7rqRwqzhgy1dlMuTJ,0
0vFWIYE0Jtb66949qHB4uL,0
3hB9lDLyAClYVZivMMl20N,0
3NLnwwAQbbFKcEcV8hDItk,0
31fMJwgrgNdk1IbWZEchX2,0
5n4kMW5dn7MHFhXQuJb9zG,0
46BZNOFxbWjXYtel6YqXzJ,0
38yaZoKHKzYgn1dL4Sd58F,0
0QPecwAlW2oX98JC0hGUV0,0
3Kh9bkKyT35NIfiK24uPdo,0
1LPFOv0AHJVBVNbIuUsDud,0
3hcwpXiJtR7kwDrWllcH0v,0
5BjV0cBPXAJJEAAW4JNb6r,0
0dCicXrl4h0lO087jMm5hM,0
35v9un9C2QUR1kq1MtqGMq,0
6LwTIK5AzysBN1n5AyD35I,0
56dhkwFTzbq3AS54dguEEH,0
2WAZgWQpoeHJwazZzbs2rH,0
1Cbx97zdKwqCVRPSqO0Quv,0
4z0cWwPjd0rOkBl0HhyIH6,0
16ZcfVSuCcBDdlpvmEIA1i,0
5euaEgWjM7vrB77NXiW0Tp,0
5hiOCk52Tb7hNsXz31K5k0,0
55BhqtuMPRai0ci6AjY8PK,0
24LQNvRzHvO1hVve07K2jj,0
5ZRrES0dvV1wm0PnvBcIoS,0
117gRrOjnRkMCgWxNtDNSv,0
0ecW7IqLKhzKTPeqLSNc0V,0
7uZLUFqPgGqwzD5rzOl8Sa,0
2V423gFpb4yyokfl2KdevA,0
186NCtNk1tUYS7c2DxgJ7O,0
52INmBPUsLUQ6to3WnGWUm,0
7nPCAO0Q9AHbM7PWyj9O98,0
0wr1v0WSbEnmOm0B22yYHz,0
2wKR00PLWBztcIcJw7AzwZ,0
0ri0Han4IRJhzvERHOZTMr,0
12aJNhwPEcu5R9W8Lr5mJB,0
3q5Ur1rIlB8NuOY6FbzxJs,0
7rtaBPvxCSw2bKY8miNyLa,0
0op7p4Q6gFh44KKeTaKocv,0
5DdwOYaO8qF9wEphjjmFM0,0
76HPD4pZrTFQSqBGcKG7nn,0
5GsKN0LorIiwfrblHdzzop,0
2S3erlZaNr7EGakVORv619,0
7Am5lBw3FJvFzYplAtgFrg,0
1B0os1TYAHh0UdOVBpHvMR,0
1OBK4DltPHWoeilauCyckU,0
4DzDq3SyvyMfMaoeI8tZky,0
3ebbxhIuOz0Fj2hS1Onxx4,0
1PGQdySI0Jk7kDtxaRdaIK,0
5xm5sFLCrI7uNgk7nHYLpo,0
2ptqYXyQ1QdArGjbrTzBaU,0
77kFQ06wtiKTmrgDlq4uwp,0
4WQoBNo2Op8q5dpglN1Htx,0
4jk4CaqBMBbMZhf3PuR1ai,0
6p358EIjLEoDZI5vu99k6N,0
7h1SEjAxpBPPstLExfj8C3,0
3AJwUDP919kvQ9QcozQPxg,0
0Bs0fEV2c2WzOrseJqbXmS,0
6ZzRPCSq03A3F76aWwZW7e,0
1gRCvTee0j8Aio0viQJoDd,0
3wKoL0KvfdUtJ28Ym4N0gZ,0
2ArjL5iHwNDtd5wpxUcfVD,0
0kCM0vcE9gbbxKdlgzKJGz,0
5DEp8hauuZ45oG38YOkkQq,0
12PHFzKIzHTZMFEZt6ljbp,0
315aBOUD3xtj7sUMXtRgMV,0
5npFBWhVs3VVlc0nY5xQMA,0
0qQod4Azh4YQuPcYBv1E7A,0
7o65z7yxlOfbAiDxq9WZBy,0
0xIuPDzJSnJywALez8dwKR,0
7AsG1F1eMWd17RYan8M3Wm,0
29m79w9xPMH4YCD6r8JSmV,0
1aL9518P5G72N92b48tuKw,0
6Z394Nd4gW6Ts9hmu3NUjx,0
1kcV2LJxt5v0s2cEGtEJ5i,0
3YVbYgFSd2Whua4QUiIjUc,0
5ZLkihi6DVsHwDL3B8ym1t,0
72vuBPMhwFNlSYpTSf6fVD,0
3ZGJhN4unVspOqpwGvUL2W,0
58f4twRnbZOOVUhMUpplJ4,0
7m4CgL81VVIHaaiSxyH922,0
7wW9scVNLYFLsmBb1yAUmS,0
4psVrPZy07uZTLwc3Mqz4V,0
1pCyNu4mgeZP0qqHNMTjWJ,0
4ghrLhOEwYeHnYAKQWTDaO,0
209QxKVJzh2FLUmZHpYs4m,0
1QUU43rTDMnGl4xyaIfsYN,0
5XseQZ9TGr06Rv1Ye6wCu0,0
0OdztoASgKBBNcAgtErk0X,0
59HTDL1ETOzswAkfx9E7dw,0
6nJKSewJwvbE4NaEaNeOFu,0
28lvraTNIN8qiTpoIK7m8Z,0
3XBrKizhfEkeL7IxkhCTYs,0
46QbY78ha62aiu6gBgC7lS,0
3wuv55oGTDrvCNmNPeSUMb,0
1eZefeDb8uOsjvcbl1fJrG,0
4XxfOvudrnBRdlgzEaq1sd,0
3F3ZuXYFXGM1V6pk3b3zmi,0
3sqRODOZ1Z6hR4F2tnFAlg,0
6oEAcSY98NPIgD9UumQwIg,0
5o2FwTc46RceaBp3B2ZjNf,0
0ptqV9ySE8HVbWblGdv3Eb,0
5yTs3naPuuncagM4MvwW3F,0
5K4vCMiKUtqWbHc3OTRJSm,0
43r422mcNYdLQ2REc40a8F,0
6GQwEw6oCGVIQZlu6zJ1bb,0
6oz1L5jcqZWYuId7nxvIan,0
5bnfUWFS4sVeWx1JLA3K9Z,0
4eBvRhTJ2AcxCsbfTUjoRp,0
5Per9rl2ItpNoHilvbxLsB,0
6K66rGR4cE0XEA6Sin3BP7,0
53QrRlALFJfZgdcGLKwy5s,0
1Oes6nM0NptgbzHt9n6ulM,0
08Isz2ETWSBhvIl8UpKYsp,0
2TzyJEUfWHGRsk3r6Emvbk,0
6alNZoLuClM6yFv3GnRANk,0
2GuTKe67s8VBtdqtRE9nd2,0
62bOmKYxYg7dhrC6gH9vFn,0
492ceDtqmafb6QD1Xfhpmo,0
6aJ90LBl96bly9zuEH1U2X,0
0O9TgksErSMrTYuKNyq1HT,0
27QxL30kLR6RyIjLXCMFdU,0
0G2QtlKCKNVjWV0qqaUehK,0
1UNIoNxqJlhcUYZzRys7mu,0
1lxaKXyIxvmc9j9WvzdZ5o,0
1V8AZk8VG8qksb9mKgxTuR,0
6Qyc6fS4DsZjB2mRW9DsQs,0
2MKGrYH1PyPAUKu2Sl8IaT,0
24uwABPWPejBuvFL4tMkvD,0
2STy18bfCVP8v6aOu2CliZ,0
5Hcl1reJnHIfJBbCcglaKR,0
1jlG3KJ3gdYmhfuySFfpO1,0
2pAdtQuiEVGr7nOXGiv7t4,0
69QHm3pustz01CJRwdo20z,0
4ylWMuGbMXNDgDd8lErEle,0
0B9x2BRHqj3Qer7biM3pU3,0
0mtbzu1k9ZFuR2hBpzshIP,0
2cJ32oKOM4socjP9DE6jhU,0
0RoA7ObU6phWpqhlC9zH4Z,0
2v7ywbUzCgcVohHaKUcacV,0
0VAmZrLpRYKRejQfcx57AU,0
7oAZVxmRCVFanxK7tk16vv,0
6ORqU0bHbVCRjXm9AjyHyZ,0
3POqRDYN7FMsDEzkgJeRbs,0
0HRPKGVAoswVhP34npi9R9,0
3SJbEPizsIzx0W3hOdDXBq,0
2LKHHfglc5hGRsgXk6nDxy,0
1zzxoZVylsna2BQB65Ppcb,0
5ac3D4hNLW7NFhYFCThXgh,0
0Pu71wxadDlB8fJXfjIjeJ,0
4hwLzecH1SuTsMN2JyCPGs,0
7htt7UuxHL5wneOcMWJP5E,0
6mYrhCAGWzTdF8QnKuchXM,0
6qpt8RfvSz67i1UzPusvFt,0
7i1IEbwhpNCeIsVSXKXXFJ,0
1wyluqXP2ujdTpCfm1E617,0
665Jxlgi1HamPKbW1vwzx4,0
11y8GSP2ASv8S9n0FiiDva,0
7Gpx2fNJiilvrf9Ss8qbit,0
0UBafqn0HVWRceDnOv2SZu,0
0lpMr6rPWKnY8VCm0Ubysz,0
7pk9bvltdcy8oJLOxdBvVR,0
7Gc9OoiYsUrByC8tzD7kYY,0
4FDVnEP4xp3v9uzmbUKyIE,0
4iAaPEbmTmUoOd9sK3ibZN,0
6VRhkROS2SZHGlp0pxndbJ,0
4ndLwBC1LcTT4qm5GkF4z1,0
2gCfqpErDBhsUw21iQPJal,0
0bOnJXitqAsgqFK5OFpvIX,0
2Ces4isL4hqOfUTchqcL3c,0
5Fizp17ouHXtAKDF3RrwHL,0
6HsTndOAa5KzJNdUqbMfpK,0
3azBlUKLKt6VKxTBpXs4Sc,0
7IHtp0iR2BBQ7T23ayIh5I,0
22LFxrcbZNaorrX9rKcsrW,0
12C0ZocowBH82qTzZx9Mzn,0
6akjHxUud7gCF4vJfwSXJ2,0
6Dw3DgZxZaR5wnYR0Bvj7Z,0
3w5Vl6gPNXLCVnaOsMCkR9,0
48UJ4BtfCohZ7YqoMJEcMB,0
2IU1u9LAlJL9K9xcpw3LsR,0
2pBY04GIRFS3QsztMa4i2W,0
6EVxyHPACBrQjjql3g90gC,0
5FA4q0k2hH7GJhGVrjo5v5,0
6c94SDLrydgXbBEyliOfrQ,0
70EFS9q2ms1hzi0Y3EV03p,0
0cLcXcRsaYKyvDfoASYVbM,0
4D0XZNzYNwDQCTsFiFty8b,0
2qmRKwJD5AjiqJ3c2tYU4c,0
54xdRclgMURz3qDo00y7V9,0
5UrcQeUlODNVern9Dk9w5b,0
4wgR8jjv934KJhvGq8EpYR,0
0YCPCY9WhQFMFtoSpj6dhL,0
2tO0QPdCA0jgDBshTuYYkc,0
4gqHEia13bp5EFWGitiKWx,0
5a11x5PUFvJEadMRqtNtTr,0
2pR0sWcRylkkNJtvMjYL18,0
0h73AwuEY2x44cBMOP58fO,0
0dLbrlAVPPjpPqnYfmJsWk,0
3aaiAWCet6sbfOfLSn3g7i,0
6fScgF2Y63ScU73nYju0ny,0
4J5OpeZUR2msDPfMsIeGSU,0
4rSmmC6OYmjVOYxr8ruVWN,0
18YHbIhrleUkKKj2DvEp79,0
7fW9J3EpVWVN1ouv0slAs0,0
5bHDGWyIFML1LYXZWTD5MF,0
3x55c9UVpbURc2T02DLfEM,0
0GVPRo9LEjxjT4C4o8BGot,0
1y8Ck6jFOyxNC59SrQJIn6,0
6kOuIhlzgPlqlrWPudpSHL,0
72HdutlIHBZJ7WT1xVAAZT,0
5H4rKylLnO8KrmdXTRhj5s,0
1gdWDwF6vCUg0dkZ06f6b4,0
5YY8EsBdUYAg1NJQIvgCEj,0
6O8cAkPhxiRdY4MGLxQjm0,0
2Niyp1yifjn062AWqYtis3,0
5AKwByUc831LUrRrvguz6T,0
7D6kS3X9aFpFcDV51GK2TZ,0
3GK5OJae5buHEaHvTNhLkS,0
3Ianiiom8QWTJPP4uAP31R,0
2GmDKB7skBipPXBBkM0RBt,0
0bYDMpQ94LnF38FiOlc8K9,0
0q8g9felKNWRG6lBxQ7FX6,0
3ygfdwvBJ2Y5XhJiiHFFZE,0
5bQ6oDLqvw8tywmnSmwEyL,0
6BftJTNJIQoRTxIra30eqU,0
00IBeiKNG6sFuK2QkQbhNo,0
6A0Tg8hs7zZqGJgNziGJ2S,0
2pIoyDWZV5OSW0xd6n41xV,0
3RAqJsgCOpwiPhkqmEvgI0,0
2NECp5Tvb5Lm6TbJf0Y8xI,0
1dZuiEX0EjvQai3N7BlUmT,0
34K4vWk31wwgvDK5PVHvQY,0
17cYtwy8kdB6e6b2EBTn4M,0
1zFYN6cwncUvHMrdFilfNd,0
2g3o6I7YuKFEUn9OOfuAfP,0
3beYHVCFKzbdNjJqjKeYpM,0
4NXCb9SiScRgMqlUnPwdKE,0
6tjzeB1k0x9paSlMsGKE2V,0
5pQODzb8j3xMQ1qvrQXJvo,0
5HY1pCLXAlq5A0G6WR5vvS,0
57ma8LMsMJ6lUH5peJ0N3R,0
1atBjC8A1QgcAPXF4k8OOi,0
0eVmQAZIHRnrcPLgguW0hS,0
6QAK7tNXGNeHQlkE67y9Wa,0
3CY8kcVqpfGHhHC4wkBVpB,0
10SOrpChrf5vuDmXfWCVu7,0
5ZLplBxO5OmotTmYY8920p,0
5HpTzoMv5edpxhmAwwjSO6,0
0k6fEi1GwSrB9Q2WPOrbGs,0
70OzwqFfeL0Mb3A9MUmA4R,0
2rc8JDHt2qz9TF4A5boivf,0
5tG2nv8GjMZQ0gzqyngyTC,0
4yzb4e71srF1tXMxnUIprk,0
6LiWQ4Q2FSEp0ZQ9pckyf4,0
1u73O8iFVCg57FxwGbfwic,0
6Atl05mb8CcUVQPwjowAAo,0
60XCuLEZD7wr6ffK0Lzp3E,0
4k7UQa1qtjId1ayYGzmkkF,0
11CGoNVltuk7YG89gHFWMi,0
1kilpCjsES8D2Xb4yA8qrh,0
2dIG6RVGbzGOR48F3zjJj7,0
5LEwfrYcwE6rW9R6ehORDb,0
188jpJestqxy1d8FOQcKJh,0
5ILj64D0dUZjh5QWx0FfMT,0
6A42bhG0l7DFsPo9P5WhfN,0
7tVqxbTLELBul4nLg08mMn,0
0jKX3Y9SxdqBBFJ3oz2cyR,0
22yvjIXoXhmu3POwjkwbsU,0
4ymPEyiXabTe1NO8q8EFxG,0
7463jwBAI65wW4MKF4x56u,0
0hSD81eg1KLJqb5PHM0td6,0
5M8gtOvCXZagsSabGybMzu,0
2seZib5m8TPHm5FmgiUrvp,0
5HbMlPnGj8E9Wi1W1nAs8t,0
7tqkqlRNXLuOCO2Vwr8BsY,0
737AP6EH4PvRzBNfBipaK2,0
6qGCJLF0V7SuHTOOGUcDsv,0
5HJvDTnAaDWqhsE841I1QR,0
2q0V50aNlI1RQXJyE5HDgD,0
0nelifxxjcih085mvTkDLy,0
36ZzA1a6JtvMIGmGm2ztEN,0
42O1QmX5g1wH4RPfJJLEZ2,0
5LSAafg2oH9YPgf3EG17iw,0
4easPOu3zSJCK6js56K909,0
1yBbcWXOsl2tCcNg2prkEh,0
6qhTVtHIsK8WVf7biagk7O,0
6t2kGTgrIoWOrIVntGoN0A,0
7oRmDhSSft9SbXmnICloKD,0
79sLeQX6pUbbClr5mU2Imi,0
1j0qR6Ocb5r0l1QFmGAIpw,0
5iAIsx1NuehpMA1Y5luZOA,0
3wQNeNsCcUalaStBpK6X8r,0
0XHTnHL7zBDjfvUteI3M4H,0
2VJLjzAtXuIU1ppOULery6,0
2ryCC7NNRho3TjFA2jFoqD,0
05HGsVvS5nQPSB4pnDENJn,0
07ZAc4IW8BNe3pAllY9vrg,0
6oJvpR1alfFkyBe0jvY4wJ,0
0rZhozYrRT6oS9R3UvXjw3,0
3Ax1ZScFkcO0cIUY8N5kbf,0
6QAcvtNZFoxjhaHJntTIjI,0
1vQrN8QIq2YfCC6R2y0Fhz,0
0oTqkG52eKcJ8WVVurBK38,0
50kkRnGLt0tgoBBXFGUtJl,0
2Wv0RftPIYXyBoljsIA9DH,0
79TKZDxCWEonklGmC5WbDC,0
0oNl4C9eh21RkpvpkHft10,0
1PvGrPEQruJOXqF5eJFNjs,0
72x6rvpGTmZxCWKil9nbDm,0
0Le7jXdO7DRVuSNZgAXWNC,0
4ITtnvLQ6SOA8XhiqkLa24,0
4UEq3Jzn70BEF2TvtBMc5d,0
3tf2o5JjX0Fs71I9AGvtMl,0
4ENXLbeR1t25RrZwowuhpi,0
6GvkJMX840noAhBcO71ctw,0
4MErbcQxS9kcJl0dpYcwyh,0
0VoZD6AbdkudStS0MNyOMe,0
5Pgb3fiDHs7kRDCOiVentZ,0
7CYlkoYShEp54AmBTsXwSb,0
4TzAzJOAUAJvFpyawit06j,0
0ziIQ4Gf6zWh6uFYwbZZFr,0
6g1inFIGjUBCtOhMDEiHOo,0
0pIjXaosoWf78xDKCJZwHu,0
0Uo0HRPZJTFy4PPzK7XSda,0
7sj9BDV0nxFMZbfgkLQSRP,0
4adjIJX0JnbTnl74Ln9Mcm,0
1HGjnIWsoKlFtnbOXdLATa,0
7f7Ia77tMe0YhwhPOJIIl3,0
4U188KM6935d46U2wmTnC3,0
15Hh48XELbgkS3HQUC2hUq,0
4pcBYv2n2vp3OkC2bH5is1,0
5EXcMk9ZlC5UlDU4jSZsm1,0
3b3Gc1DXAeIkTigAM1V4r8,0
5RAZtbW6hkkVG4cMGPO6f2,0
5NwOSRnBI7c6teq6qhSFmG,0
5sHtSBMrHITVhXAGTAee1J,0
2l3dFxtoSMgMQVyRIUHjpz,0
6oURWs2pULRYC9JAhLEaw8,0
0BVendAi5irAAicD8aTVHM,0
0fdsAOeCtXHyjEra16h3An,0
2tzg7jcjCSB1NArurdveCH,0
7DTTBTO7kv7iqcOH3S9lC4,0
5YyXq5rzZyyEbNptsLFz3W,0
2yIW0esEphGtQgVV0w2SYU,0
1d5lpW3gUyq537iuyrb9Lf,0
2oSnGQbI4tZxImmCs2c4PP,0
3uUAbrwsttRpv2kfAvAUN9,0
2lX53kXvYnvpV8Vqfe4S7s,0
5BKKKNwrebowaMoUdBaNby,0
7mNZUnDWUDidWBFaUpVtOC,0
18oO0TSyS9lIW9sioZyCNN,0
6E49Dj1VZYHjtLNbiBlJ7H,0
3w9jI8mCgQCsk2SCxuPNBt,0
6GT0oiQdjiYX91qgAMi7Vd,0
04fUBhT63GeEuOhoIONitJ,0
2LCvypYL9a21Hln4A4EdWU,0
4wr3QwOxLqh4uBlHKhtTlx,0
3p4IJ68Ety6aqzkpV3Gov8,0
6KvXpACADAz73IPrCgXobL,0
7e2dvR0ySx1bBJRDxVJiG1,0
4LIQacKPUjto8rVlVuY09O,0
4wqVxCLrlDxOVXYOGB8GRn,0
2oS7BQpljPztUhKcV4LU5n,0
4rin9gU1VxcCESXSGDWF7C,0
6nbd9EhZimtWBkKgKeURqI,0
26ZzGymk02Qx5Ofb3ekXiR,0
3zSSCPpLZ5Oc8nelhhGjKz,0
6E6BCsQHXDAdXsrL7zV71N,0
4hGHgXcTOD8BzJKMz062ZN,0
33CeXYP0EtZTujI3IuNqBS,0
4L6hCEc9xFf01U4d66JzK0,0
4t1zWwxBWH2xqpQgR6KTcq,0
4mpRxleD4q4rxgRBgC6TpB,0
7CkI7hk9uYaN2YqZW0SUBb,0
0zTsDqhEFtHMj5SQCYdUcg,0
13PnxB9Zhfh1R2ttYAICVe,0
3FTRSa9mWB3kKx2jkhUAN3,0
0eCVQoYH5nTFgmmjQqsJmG,0
4FSNAG1tRixxo4uyinXfWp,0
6V7QyA9N0Zp7C6k8qsYfpm,0
5Kp1rDbVSa1ZS1nbCeB67J,0
6fqaMyg066xlukvUJWdM2T,0
3Ro0jYDrZcygFkdomURHqt,0
2ypmJzv6tqEy1ZQBwvK52N,0
0snQrp1VaY5Pj1YIHRJpRJ,0
1YHnsw5xO7w5eck4FrBPPW,0
4kXkT9HF9ZfDjuv3LIKcwJ,0
75FFYq4zjscYgpWSLrcj1X,0
6MZyrnqwsLnrWY5Gk0AyXg,0
0NLkVxf0PyxsXBG3EuZcJf,0
0h7QMc9ZRzA9QJrbEHytn2,0
54jXWKDWh2IAFnuYcYEwb3,0
3EmMNCCS0SAmAy7ydYbg0w,0
6sdird6R3Bl7KXbCXpnPVy,0
1sbW5E7w8tnqpYk0Frx8QG,0
38CMq8hlI8zIzGbENBBG1P,0
5sNRolrKr6GRsy8Uy9eTrp,0
6smPjrA4Hf7J3kFe9afb1E,0
7w6ktqybXgEYNdZejaASOd,0
0Mu086dhKSPI6118hpwuMP,0
3gD3wOptlWCoW0AsZBSOkJ,0
3g572Upfd1UZat0EBLGtns,0
5470L9bpQikPiizRl93NtM,0
1mypcM1775ZWFTUVHx6duy,0
5V4skDQqJVmt6gIgYpYEFB,0
2cE44TVmzUyCWBKM7qHmKo,0
3UuaJOeuM1eC7rJd15rJAA,0
3ZEmgsL1KUBrgjawKL4OTY,0
6TOnCvVfZMM027okh8Un8I,0
7LDHUzYbSe9B2a4bzFOxpV,0
5qolX8ncpZ8R6TfKbvTzbA,0
0TL0LFcwIBF5eX7arDIKxY,0
4O5GWwr8fvgcJyYiEBEX0q,0
24FprytnP9KMqH01aPR2N5,0
4INechXMli8qPmDg1hItRD,0
2J6ehazUCGusP0YqK31fjL,0
3AyuigFWbuirWHvidbMz8O,0
0T9F7LqksEkxsDyHfqACv8,0
5QO79kh1waicV47BqGRL3g,0
1QMmy3zDkdD7NUjohvHhFy,0
0xhNRgcpVZ6UbvYfBoDOly,0
6V4N3h4HYD1Ask9cUTxjjg,0
5JdeSgIBqpdoC3RudqPkCu,0
2iCvfpD5hEzLeqEbsXhXVQ,0
6OWmzBFKegOgCU525MNQny,0
7DIIv0sjBLh8xmrYtxZQy6,0
3XV5r1cMB2AlD2ir0v6mfm,0
0mJTAdmY8olbGQjopDYff3,0
02NhKsrRMNJpo5sXBggOwe,0
4SDLH34rwro1NgA7YUFYYW,0
7eadaD2SBArRbebB9CP70X,0
0s76ExpXyMGVBlKLUr683e,0
4RRj2TNYWUiJuR7EnFKnjJ,0
1OOY3GfWnDls6TNufK07Vh,0
6YewfSA18qq5xl1KlJQkpY,0
0bSc0WywyTL94ME4bk75ho,0
6Wf3agQYFYAdhMU3gByiVB,0
40Jpi7uju2jLwJJGOZryTM,0
7iUvAa3bxGrNoVmpjZyWOU,0
6yKHDbeC3YP4u0dNPniIyg,0
7Lv78wiIJcKgND9Zi7AIOt,0
1LnaBCX3bzWSyhYD4rawz6,0
4FZBrifL01KBDmULrwXHjj,0
3Z8FwOEN59mRMxDCtb8N0A,0
6Pgkp4qUoTmJIPn7ReaGxL,0
33vZRjxJScapmRShRJq8I0,0
2kHcMUgIqU3t87wjoGhrd6,0
4rdIhBrlaAOPnlTlugZBgz,0
440H25G5ApUQu9YIRnGh6L,0
1Ip5p31SowqjJLo2ss1afJ,0
3PhzwF9SOkkMIoUSIxFtwo,0
5zcoYCmeIL392as1bwIYce,0
7G0qSQ07VgirXEwWM6ECF3,0
0CmN570l8ZwQpI70oV8Avg,0
6KkSvREHsN9bFe1zrH3jVB,0
51RvOW8yfIQriPwXWlQPZW,0
1XpAZlfENlrHalIvuhAp9R,0
5qz7zyJ2YAhER8DXTcRyQg,0
2RnBxdoRGOBzy2yvThWtMe,0
5QOKsL8sdbosNPxDFJNPQz,0
2OZNEa3tW5HKAaAQqnJope,0
1QNt0bhIXWu5XdlXlYI4iI,0
3RpeMS8fRVpXYME5gOoxBP,0
2w9nvs1ByWUGkED4M0ug34,0
4SeZpWSgq1c8a0MY3iVy1f,0
56OcHDP7SgOY8hf4glCEDH,0
1eggIhfhx36gEQBig7DZui,0
747ZJOMxHxLgpiInjD4mR1,0
66Ax82JB40Iq5G2YykYMUQ,0
6vtq8Spp8uBsHVVdBnnKSq,0
0uhGgihlgkmAGZvp93rUwm,0
4nzBST9JdZIy9qfilr93Po,0
57cAiaSBKidKHqBC1FePPn,0
1KMEDSIl2j1NwYa9mgvMyg,0
0mzeEr7kHYzVPWF6iTIuwE,0
7xnDD4Zr2WUpLoAbDUrLZH,0
4X27CYcGvCfy75TkVJehSG,0
1bzfMcmuImln3h9YWyhOnh,0
0Ykmi2iMn1dPZya6zYpgb2,0
0zMQ5Svj3WbB8RsBn9hFKq,0
0RPxi7CSnMlPeREcnfJptp,0
0VhgEqMTNZwYL1ARDLLNCX,0
0ntWxuqiNx7ShbLGzfmnOD,0
4d2ZJ9W7dkQuITwUCTuD5n,0
0WqHYUiGuqkC7koA2l5Ou1,0
4HzPl754qeMLBuHfJRMAYo,0
64c5wrsub6yGJRs7swMo8n,0
0qCcqa0gYjW8rerrC10yun,0
3DaYs4ChhQbqjFP0z9KiCO,0
06KyNuuMOX1ROXRhj787tj,0
7lppfgOM5y1uzUU7iMAeMP,0
5nRTMvaTOkKxxAy5F8RmeB,0
7iIrUvfvAN6pK8RzoDMqgy,0
3lFvgGhin8RuplMTfKlhSF,0
1ZGxwxXbpeydURjPS9mrmL,0
3v9IFz7EikDfXXfvPVfH6B,0
6WuiY5CnP59dqArbNy5sVz,0
0E8Torj5fhTNBghR1LlPNg,0
2nNWk4r1iYmJcb7T6PUyPC,0
4hH46xhExjwEGfuWFgnOc3,0
6iT0ZdQcHwzQDNcAC2oDKX,0
6qJeW0xK4MRQg6N7e1fj0p,0
1u4hYTnLLLhsOHe2ZRiyJ9,0
5w40ZYhbBMAlHYNDaVJIUu,0
3uMO7jmdXxwSijvxNXDgE4,0
5t4B1kAlCD13YY9poph0Mg,0
3KkXRkHbMCARz0aVfEt68P,0
0hVXuCcriWRGvwMV1r5Yn9,0
6I3mqTwhRpn34SLVafSH7G,0
21jGcNKet2qwijlDFuPiPb,0
4BFvu9IYbxN3ZFq0623lPQ,0
3JXn6o57ji1yI7Z4wWkgAq,0
4AmdHeE9Bz9IfeZLHrbKmZ,0
4u8NJehqlEfozf0AmneiaB,0
0GamKm5LCEwxFh8p2VWvnq,0
3rmo8F54jFF8OgYsqTxm5d,0
0VjIjW4GlUZAMYd2vXMi3b,0
6PWwPv9eoltgzMRrBVRHWX,0
22VHOlVYBqytsrAqV8yXBK,0
2K87XMYnUMqLcX3zvtAF4G,0
2dpaYNEQHiRxtZbfNsse99,0
4h9wh7iOZ0GGn8QVp4RAOB,0
3Gc4zbfvgZSBEfpd0aWEFb,0
1ExfPZEiahqhLyajhybFeS,0
2mMhJqK5MmW49aQSauXGKI,0
4TgxFMOn5yoESW6zCidCXL,0
7MXVkk9YMctZqd1Srtv4MB,0
2rLDHpiRWqQGgKQ2AJYtxH,0
5r43qanLhUCdBj8HN3fa6B,0
0U1W2LZVUX7qTm7dDpqxh6,0
3sLVQHa6ivHL6eXO2N5NTw,0
6osLH2yLhpwuESclKx84sg,0
5Hroj5K7vLpIG4FNCRIjbP,0
0Cz3LgsBXYwe0vM42614Gn,0
36E24mIdUgRMkf303ZqjOm,0
0fIbPMXnTdyuW2UirA9mWQ,0
30yLu7ZxVdCC78PeljUek0,0
7szuecWAPwGoV1e5vGu8tl,0
3e1g159cSgose2jHQj9uzd,0
3D5wnLaeVlCCIPzQOOAirA,0
5crxqqibcvoOQQgg4HjAFQ,0
0dXNQ8dckG4eYfEtq9zcva,0
0YLSjVxSb5FT1Bo8Tnxr8j,0
6qZyM6JV8ohLC4S2EL5sFh,0
0TAhz6k4ho8ajh7FOV1Udt,0
06wTXKpDMrSp5OfB7MErpx,0
1qtl3vB0uqciZ94g3S6TO7,0
0HqZX76SFLDz2aW8aiqi7G,0
76hfruVvmfQbw0eYn1nmeC,0
2oejEp50ZzPuQTQ6v54Evp,0
7sp9SYjIBBniAJ7xa1nkZh,0
30PPEJ1pEhtVnrgVNK5MEw,0
7BKLCZ1jbUBVqRi2FVlTVw,0
2tpWsVSb9UEmDRxAl1zhX1,0
5o3GnrcFtvkdf3zFznuSbA,0
7k6QR9YHyW258yVN6FHO1T,0
3USxtqRwSYz57Ewm6wWRMp,0
5icOoE6VgqFKohjWWNp0Ac,0
2bT1PH7Cw3J9p3t7nlXCdh,0
2iscERXQ3NYvA4UpbdLhWX,0
3xj7CICKpCDxxMJ5ilRbTY,0
27NovPIUIRrOZoCHxABJwK,0
1SOClUWhOi8vHZYMz3GluK,0
0lYBSQXN6rCTvUZvg9S0lU,0
39LLxExYz6ewLAcYrzQQyP,0
1QezVl06xBzPfgJ2HXST5d,0
7tbzfR8ZvZzJEzy6v0d6el,0
73K33p4Vyz9koXGqmL5eFs,0
4jPy3l0RUwlUI9T5XHBW2m,0
5RrOyaV2xOAnf62uWj24dB,0
2hTn8oS49IQULxAWs7hEBz,0
7E4sdzJDrVMu8qcwyxz3vP,0
76OGwb5RA9h4FxQPT33ekc,0
5HCyWlXZPP0y6Gqq8TgA20,0
1zB4vmk8tFRmM9UULNzbLB,0
32OlwWuMpZ6b0aN2RZOeMS,0
1ZLrDPgR7mvuTco3rQK8Pk,0
0ct6r3EGTcMLPtrXHDvVjc,0
0EcQcdcbQeVJn9fknj44Be,0
6RUKPb4LETWmmr3iAEQktW,0
5cF0dROlMOK5uNZtivgu50,0
3zkWCteF82vJwv0hRLba76,0
7BqHUALzNBTanL6OvsqmC1,0
4LRPiXqCikLlN15c3yImP7,0
45HHTHXv7gQ5q2r89ui2Fy,0
7snQQk1zcKl8gZ92AnueZW,0
335KLx5PVlxepanvdDS4a1,0
0nrRP2bk19rLc0orkWPQk2,0
60kOypNLPPPRJprwExmZPX,0
6hs3SDnbO3f6VQuPO4KBEb,0
6bQfNiqyCX7UaQSvVVGo4I,0
1nH2PkJL1XoUq8oE6tBZoU,0
7E2tspt9cvSQIkdGCMGV28,0
0yq6siEu8dMBv2sb8yEtEJ,0
29aAMNNgGe3g5G4CnwlHuL,0
2IcTJbUMjwjpXa0tAzHkCs,0
0P4AQdNDgEdi7J8mpgY8Jx,0
6ZmtxXUXRVjxOhugKkmerC,0
78bJtdSTpHYS8u9axaismu,0
2cNiM1Myy8LtkDvteGNErA,0
0ukKvwl5NNllsqv6naQbxT,0
7jydewKWDLT3bAWekZCYn4,0
4sDbdBjuYQVdNNB4PiHUPo,0
44e6LWMz011gq6QU45nw2P,0
2jfLNlyUpxhFkoo1lJjiL3,0
4upRoEWkMWhhMfEgPZMFRP,0
0Pa0xSCRVO8ZIxs29XgBvv,0
4Hhyu2arENKbxhDrEHa8jF,0
6goI3Inn1Uc62PZfWBQ3ok,0
0IOasZouiW0Zr9osyXhFT0,0
0hVXFWS00liq3W2YAQUma4,0
0sMXleyicMPgOg9hz7g0d1,0
1RbTj7XTHJ8K4AHjUwcR2h,0
5d0vzUSG3l87BRtGR726RN,0
2S8g6nlwCih4u4GAn14GqE,0
7wIjp1Q4dCPSxCoqLQSpp9,0
1aDbLTKZNElms1Fe9lIFCJ,0
1zj1h0jwSvO5nMMUW1deH0,0
6q7bXTv3yBedHblKRoC5uu,0
5hL9yKGJAMUxfwsjFnJ0aR,0
0RZ6TjIvdmsM3vL13Lke2P,0
44UJTphbSUJX2K7Ba6KBtm,0
7dKYUSJXp0FWmEyon1Iwxr,0
3pwI3dH47MCTupCg1WjQTL,0
6gOFS1DicuJRiLSB4ZDorp,0
5QBSUwkRrgbcdAx1SDL9Th,0
3aHVQC1g6ArGNy3VLL4Pz7,0
7tIOBS4mZzpAoVDBFdOEhW,0
5DWEL5TPHgaLaUUh26K1Wc,0
54pbJa02UKHx1ZlisCYH0D,0
3k56uaH3QBqpUyZwvHbwKh,0
4BL4aEbddW0OGv6fFYYFUt,0
6VwzQHIGN0ftc9IL3YsnhA,0
1Q84FwtryMXHw9M8gM0b2e,0
3dBnKADF2MmLXM9IopV9Bt,0
1oX8AHknN6Uqm0lfAytb3i,0
6w458kA8WOAIZr1ublxnK9,0
1NhPKVLsHhFUHIOZ32QnS2,0
4nVBt6MZDDP6tRVdQTgxJg,0
2qP0677BGQAoLkca8h8KRq,0
2B555dyP7IW4UWKsujPif3,0
3hEPKX4FgfYPhBjSw1Nejq,0
0tncVBZdQYMzn2QB6SIIJ9,0
1zRFBSJOkGqky3hjOCK85o,0
7GEgzRRim9jP7AyxSskHaZ,0
3Zs4kdU0HS1Lm8prl4Yenz,0
10SRMwb9EuVS1K9rYsBfHQ,0
3YgM9XcsDUmCzOQIrsBWxS,0
12O0B3JWQMQH94BKLqMHcv,0
5Zhm8qMnDwXR3soSSurN8T,0
64wqTrpQccJliEp8UVAmKl,0
6z9YgNd6u3k7eSLAR7Nsom,0
73y649QhnXdcm6fRdvfraO,0
4QSF0d4ENvMXA03ARpMfaP,0
1XiglL7TPZljvmn3HWmB23,0
767n2J9WJ9KAf0Iue8eZUE,0
2GXXZFUxYg2LvG8SR0byOE,0
4sO9tnvCH3DJZ3AAXoixjd,0
5Y5c5bJK0O7KJDDAYKkppH,0
5FVbvttjEvQ8r2BgUcJgNg,0
6f3ANRNQ8nCiPZ6VqXqq93,0
6o1o5SVSqVPLKAnZxRQz4x,0
5oYRr51VatOtkFeEOursuZ,0
4xRi0W9pSieTAZ72xdSVQh,0
6RRyg41cwpbE52nA4PqxFI,0
6udC4b4jOSnHb9ItnXgKLR,0
0tE3kaT3c9tjSiOqZJnM1X,0
4lBO4Q7Pa816Mk3ptYcYUz,0
4q5AnGTxHSkz92iGVR7wev,0
5qtEWwRUX3GKgpWwDQf9SA,0
6TGX01ExmdHyOG72fqUU3Q,0
0Gx85FNdpsYyTfHiumSJfk,0
0yCWDaAgOtg6TKlNCg9rwA,0
73uS7CoWc6Ag3y2Tu20VCG,0
5b9x5sRIzAgXQw0dhGORO1,0
1ai3itvPFcWilE9NX0JTCf,0
1awtp7rf6ajhGY9BgzCHeZ,0
5iCY0TXNImK4hyKfcplQsg,0
0cJTjTH3XVTTJh8F4Uq1db,0
5GJPqaqlCSN19ReZ3Hmue4,0
65th5rvfKwwBfR4YaJvpEY,0
1lUiAVWYybAHIznMWDS3XQ,0
3hkC9EHFZNQPXrtl8WPHnX,0
322TxW77VZdX9gHynK5Xue,0
6uQkoo1UGWThtEpNEYc6Ga,0
4byiHL0b9mIoCUCjbjI4eA,0
1D0RV2WoRhdgmFkpTby25W,0
2DxhfuyHsvTvY5uUdClqYu,0
55p8TQ1ggGYOO1gLQrC52D,0
5zsTxXxpVzWC9MqeNJ3Pes,0
3NaKM8UY91IP0FahoX2jrt,0
5XgCEH2HkUEmmfEMQGX0FG,0
0AAMnNeIc6CdnfNU85GwCH,0
7BO96T4UFKUbK96XujhaB2,0
73Ilcr8ZN7m1tKXRGax5JO,0
32y6673X69GWVMe0ngEA4d,0
5y8T02HsJrrTSdAgkb4ZNY,0
1agyr9M94xsJtbVvFDPAJW,0
5MmakIIxhu6hwT9gcbVi8v,0
32DWojMZeZebVrfBkhAkKy,0
3MVPReTwLNOBFb6KjiIRNM,0
4kaLkst9lT3sQ5Crgxs3ic,0
1stiSonuKkZqhI1o9nZ9MT,0
2znIV62IxtbY9gSEPdIAho,0
7doebiokA0utWXWcw7rD82,0
47Rqh5ZSamtIOFi7G6VgFJ,0
6GVv6Zn0zfN36sKDJY1axO,0
7fpWJr5shT90KiCHXKHxch,0
665b3Nss3OQmhTUdB5hBXw,0
2b2HutIDmoeBnnKRWDLAtV,0
2si0ZNx4yRbggTvrIom8A2,0
72zHuDxFQTjbL51qJQSA7j,0
6cCSo8zu3bRck519ZqRGfk,0
74kCarkFBzXYXNkkYJIsG0,0
0gPgdRfB4jdGrlyXS0Vx78,0
3boJs8tx10SQr2nUUm3FAr,0
4OEBP1iwGmLtcM8UKRLm80,0
5G7pZ8G8NFvS1MQ9H4L7dC,0
1418IuVKQPTYqt7QNJ9RXN,0
0l6g8Z8mqGbGXFOjigYetD,0
1L3Nsi7YXtBxTdnbqektia,0
5P49QyK81dOSc3W7iWDlAT,0
398zHc8RrogGGiCXqOyjsu,0
3dKG1vk1DMZqjFk1BdxuOu,0
0defKES0cQIsig27CpfPWx,0
7tp4iYvcZksGp1u7feUrrO,0
0QN9XnvwEHX27UsRpbIFq3,0
0fRQGNuIp5cdr9TBShw1bN,0
00JZ5RIhe4T2YU2gqeGoHO,0
5PUXKVVVQ74C3gl5vKy9Li,0
2VsWBRKYkZH9FdD7AE6hRQ,0
26DJYPe9JOHmRMBFtmTTxH,0
5L9fLNHSj5SuGvJRljdWJb,0
41Vl2OoM83VVe0eePpsgUf,0
6f3C6rJo7zvmfr1h5SRvxg,0
4RixtPhUXlci9ad4qIMj23,0
1U07iG4qnbKP8ui3VidZN4,0
5itw0WzsobhLXyxUuAj8OQ,0
0dova5UHQl7K3VlKu1pyEQ,0
2Hs659VSIWrtetYzclXVP6,0
1ax8ZuwRVkSdzzsIqyCNWQ,0
0pPGUL7171TRGgI6wyP8wP,0
4RtvAfvD8lgqqBnojwaDI8,0
3pRF060IEOI5XSQAvONgSt,0
0v7rJIwQ2xeB1W19eU5IQS,0
0IYpKZhCeoXB85BslBg3q5,0
0mWtcNIAL9jITVHl3F2SQF,0
1CK7tnXhsr0Br5ZzbZdBzh,0
6SDH3mp9sQCNJDfDDpQTTo,0
0WBClBemYPJR44H6uIn0kp,0
5fq7CGNYZKJm38HbLwMg9h,0
6dFQ3W3xuG4ll7cNjIsN2Q,0
0trgRUeHWSFHZ0W1640dwA,0
2MjnGtsgfqllql2ndWdGn8,0
3LllvNPZFMxJ4vLWuUBAHG,0
1bqMVta76huBpSIzTIrDM0,0
5dS7HcRa9kER2qDba2iSOd,0
1fAcwdvJs9WqzimQR6wOJ7,0
6kzj1MWS5tFsoOZUz4c8Hc,0
2VNjrIKUVCIKsYOq1E2Sv0,0
2uTjTDdPoshZ2S3vnYiSPT,0
7s6yy0SWZ4rluoQZsvJa2D,0
09v6LIcgaPm6GHWQS6KuWJ,0
5C2AYL2FR0Ijmf4jqwJLDp,0
1PBznPvNjK07PZe0QlIIqt,0
5iwPZEPu8bxy1fAWnhYT7J,0
1o5s7MS2dEptGqWhlCZIUU,0
6kJa3AIAhQjyhiRr0kHWy6,0
4aLB0OONsninkkqPNDQpiH,0
5sRH0l4iaWoyWbgqybttrY,0
7pZtbFsc5lIJ6MtPWew0Ra,0
6YRbDkyTzsizAWFz8kwiI7,0
7emLx4rVwr0tPyjktu7A7U,0
0kGackDOW4tY8WZrUtQDHG,0
56h75LnnsaBy4T8N8MSNgF,0
62rj3eskfWRBGFQUw5eyNG,0
7GEVFIpWpZJwGoMvVpow5a,0
4T3VAoUDvCJkX5OSYXnng0,0
2oVJZVH1hlxP3MxyDFRSEb,0
1qyib2Wb5YTbNzZi7QMhEY,0
2FArWjBAnAmh4IpxWQGCpq,0
6cUaCs1lKfDOyFKMkBF8ch,0
3NEW0n3CQRFsmsIOPHcOOK,0
5abF4FI366vQdn3ALwBmLS,0
2hyYqX8IVVxFEFIUf0zZam,0
2JjqiyC6WWGjRmSsDj2lkX,0
5waPZcxgliOcZxCjswryDb,0
6fIVkFeP4tk5CzFTPDf9PE,0
3rsx3pDYM3a08O0Yu3Tq6V,0
3hCUkos0NxuSFl73oOHJzb,0
251PNRmJU9KcUnFQAB5t6I,0
0W1eHrIACKah9l0Q9v611q,0
6ECucSdJeJmSm3k1k3Vumv,0
2ILhVeTkbDAYEvesCCBsNo,0
4uXShFWajd1PTQzlW3P4jj,0
6871FKHumiy1Wfr6vF7Xxt,0
6ZoCBDOB308GqUdt2AJrV2,0
5fZ0oNVVUQe11KGpgcDCrY,0
6qMB7GsJd7L8sqEvQGWQl6,0
6YycppSAeGtSvwmu8qCcr2,0
5prtJKbJjuQlwmBDfVI5ko,0
6mqTUI7ucRJrVvoXLrDNRe,0
3zqFsowz5iGbYIxZW5KlKw,0
6g0HHWLJwfe2PlbgHi8pBj,0
4ILc7H2NfGbzbrHBclNOtB,0
4Tkb7zsDmsawB7S5TpKQV1,0
62wnQra2VgCUyHO3BUIAcr,0
5nHwX7e5XHnie22nuTFgda,0
2vuhZrEHS25D8xNQTSvuuj,0
3Kl8p2PxVf8eAayLwTxOIm,0
4SGytwdo11Y5WYtnc29XTI,0
1EjxJHY9A6LMOlvyZdwDly,0
5T6yrJuKWnkCH2OlQsoO7z,0
5OMUXgfXsSukZ0zxelpC3b,0
2UKK9UEbKlykbmLVP1zWIQ,0
7sJQv0LRPgM2xCkkdWOlyj,0
3oWxFNsXstcancCR1wODR4,0
4TobDQpylJNxkXMH1QUvTp,0
0og9wKFGgFFNQnrBe7eisG,0
1EVzIY3Clxdq3yXRskKZtn,0
0EMYTe2oQy70PCKPQFlbVy,0
3uL1IBFhg52VcQqOwAG01E,0
190P8pyw8J4gr6ygwUlG3z,0
4km0RUkMMFdx8iDuq36o2w,0
7iLA6PQeQWRjLDHOJgGpj5,0
0gE4lSz8VwKkxzQB5hj1XE,0
5orNEFkFG4RP24goF02AuD,0
7ttzpJUD7WiFV0aXtcaOT2,0
3cGMTR0B5zA3zQsVJjddtQ,0
6mTvwBzWTGDOVeCNQEqtOE,0
3trnNo4KeaUlFuUiV7iRCj,0
0tpwqQhdfJXRcUDSNRjb9O,0
6VBhH7CyP56BXjp8VsDFPZ,0
4nc6XiUze2Yh7wFueGOPv7,0
0ojpEubhy4JNeVftmVuiN7,0
5uUEytfFSWfTzu5EqZxQju,0
35RWttZt8zGGzT0mWtlXpn,0
2ygHwkk6BE4o1YKF2jhrFX,0
7jDKrOCSA26DfGy3ZAVVoI,0
1dxbiVeiV7nQ2V9qXnhJiB,0
6eO9LvEiMqh1CAsa6y3wXP,0
4clW7QGXTCYU5F5dTyfFJ2,0
56aLd3VIL6vOYloB3nPbNj,0
2x6UtO4tERZE5J2akfOob7,0
6b6rlZXiCrM1JJgTyOM4UY,0
6aC9PoKb4FmCdXJTf650Pw,0
6PTnaTLEERYCZ7cNmz9PGj,0
4rKTFW48IN0X9hJxwpJkj0,0
0j8cDnqrYCNvqntr0V1J38,0
3UEjl0HVBQXMPtn6gASJ6V,0
3OlQokUBj9UyoesXIqE7IF,0
2KQaNLCXDauWnNuVr6tOi2,0
1lMhoj9QVjrTTRokk8kW0u,0
0DbXYZRFiehp1xXt5h5ROR,0
1XKz4krZga2H8hS90XOWJN,0
3VoSEvKXeYApvtKwQl98Ke,0
7CdABTaND3EW5cETakiBD3,0
3xe68zfLP9HTC9qAcJvy8x,0
4O5ERhWIhAnBelhNDHcSlA,0
5ogIZnw2wGLe4i69uqmESi,0
0F04XRwhkYDkx2HVHtaqHt,0
6lahP9HhC6YflVhcwergHS,0
7BCVgAHbBYeYPxYjRs9Nyb,0
4AmoNdoOKJTbtVYM5gqama,0
0YKEBiwNh4VGsuf99aNfLa,0
5IXl8VmP5j38FtLIW5bWlP,0
0VCf70ilRV5xjjf5V7H0SF,0
71s7tZo8OGlN3VXyURWLUr,0
6WediUhXDfm8FR3wlM0r3G,0
7pTYN6Gxy3MOibdXmkzc5V,0
68RveqIjrkOeBbEGL67GgA,0
5f82cj8Bkl0mTsqAZiJkp1,0
0koCvqji2k9Me2QJSjCzds,0
2AAYoDgYtx5WCAg7Axeg70,0
0sSapNABKrGwgaMhn0p8uL,0
6jivU86V3lquhcVQiZNMwi,0
4AoQVhME8Ko6LNm4lV2wwQ,0
4NtaQSiRgkQ2Af8GSW0B0t,0
2nNaw1QUcqiEX6pBFxcpp3,0
2VgbvKdaSOXWByBKYgBsEc,0
0bNRJP5ohcR6CAy6b2u2S9,0
5fwxHG57mYPY2f1NZ4qvCh,0
3ZG4yg79MNFjW1reNwvcEb,0
7C08Lpp8dx9myEb5qZUUod,0
5TgUA7EeMusDPjtnN26GuM,0
2IE9zIcy8yE9yCE6VBQhWj,0
0g33l8O0ZomNjVIIqW8HH6,0
1r4oikmMdZZiGHkPA4hSoe,0
2Ggpu9s4UP2fO7bjgBMiss,0
6sK7mAWWmIIBd0fPvKuWCF,0
3ZkmX9dKgLKUa2r026Xm3Y,0
6D2ZnEZ92wUFTr38YXTCL5,0
3wiKJ8i3Ixdrc3qxBFFbPM,0
4tBMbRwLJa5BjwJ6FrBlks,0
3UNflWftZfZqTqaL8lW2XR,0
7cMYs2LIf8YNqegnr0svwh,0
1vgXe47QMDvKJiwMzDH7uQ,0
7EIq46YALncEzg0fYvLo0L,0
0IfRwV5ueLXO0jcwnBK3QD,0
0RM5vou1ZdEtpYuqchUwTA,0
5I6ZsOYzZOnJwoC0RGDYrd,0
7CDP4uXu6mkBDzaTOx9yTS,0
1opxtm6zIv7IF19S0eCtvV,0
73s6UhNKUFlAxB0Rd0J66W,0
74AqVxZ3oXwJ8olHssBUG3,0
1bRgC6siSFHEFXX3RXcecR,0
1vhBaVt3YQz8XN0smvLWSC,0
788Lp6lHrCrxJAZvS2l9YZ,0
3dWVSsAS2Wosh8R2CMLvKq,0
0YT1SVUhTE6HFFU4OHRalz,0
6E6UhpF6vV6Cu1VFbrlVM2,0
4UJih0aZ8YcQm4CIErba45,0
4XUeVYXnrFJIvKnXTAIpBn,0
3V3qab2wyi5LjGLjvbV4fD,0
0vNBHk5zTK31Ld8t4hgaai,0
4vEBLoDHmtzr0icyHi81pv,0
6CCV7FeYgEQ7Ekbes6B36Q,0
4HfmI5Yisll9PCOjJhtijw,0
0u8wprNfOdcWpUlWnfMcpP,0
5SCpszC2xg7sF0S6PE3TL1,0
4lUrYIM9Ne1NC755jmw64p,0
3ICmTjj3HKXgFIKaXlj78N,0
2FBRgW06SywHMkN4WtNLtB,0
4yG0vPBna4u7COnkGVSsUZ,0
0gN7mEtIBtkzcTJeEv9UFL,0
7gl8XJ8EmiObfSFppTATt6,0
1n1b2lwdRdWF5RAaA0vewk,0
4pE05HNzmVFGpCOfNKE3w6,0
5J1htd0xIGQ2L7RRucBAo6,0
3xlTmXNx60Fwp2JyPy9LgB,0
0CMSq50PWH1b2nGuUPOltt,0
4JreGGEdg1w33jmoaeDBLA,0
0dTjGvzVRsvUjM9jJVWEDK,0
6uBlFLMNdux36BAHOwouqS,0
5AM51LU4hTpGSdQEFQmZTw,0
29TxNjggevDy8ovcglZvve,0
4DaKJIg4pTjRtGaUxzbLHR,0
1u2SYXdDHs0LnJ1SuKDOce,0
7fl15uWBpbKrzrmEm48ZyP,0
2PbCyvi2YtrQA2AD9uOwyH,0
5gsnjPNZZlZKRaSuHgqlTN,0
5Ktg3vD5Nu8vHEFfHGpDns,0
1Pc2o0SnyDy1qrUNwoIsUL,0
3fmCLyN16M1o3OqxMwHEAO,0
75dleHEqphd8sK9vCiYuZB,0
4sfC7JKaTJdkOokMfV6j1R,0
7EjutI8k2HKcGOp332YCYH,0
2JDsi7S0UmtGoyVPTda0ao,0
2aGnaihxhjYe0aNoxIkvtS,0
30IOhjcKbULQUt66nYkUvW,0
7xrosWOQbSHqhZWRXY69iS,0
4St20qfnH98z2CEY7Up5yn,0
2iXVckhPy7tP0wV9DvlrjZ,0
2W6bC4K4e6y42HnYTA5yHO,0
0nkF0CojMczlSHMddiib6n,0
6fORBVECjNDJ1gdq5uuoAz,0
0bLJvWJwaxwjcc3QL1oeFQ,0
0wEgK7RKkB1R6sR5Nrwh5g,0
5vWG0az3nJSW0fnjS3ozPL,0
2qiKQzwbzOH5pMxhztkbLN,0
5RH4M64x1jvPMWHN5S2LAz,0
299jkJ3J7MNgW8UO4etZsJ,0
3WALn4IKUl7FlXjBg228nj,0
5z6FodPrcFqUjJbeAPpjXT,0
1qTh7hzjd361hjuzeaMFWK,0
6EAMI8iHwC3TCSBGVKoWng,0
2BOY77LvMTUOfLcnfFAJGl,0
33vhuNbI4A5BcXBYcw9wZx,0
1eFH9kh7L63Zb8FDqjbwZJ,0
2hmg0cMbUyHnFyINH5Nch3,0
6G8LGTxKurKEzGW3DV6HEH,0
3meosaLOJGuQ6OjxnYR7sI,0
0EH7sgeiFqDa3eS7ieW2zs,0
39bx4zZrPxTjw8VNuvjt6X,0
54SQet8YMttOgTqDNGcGpe,0
2dZyFNtUz3IIBzUZmSu5z8,0
2ZFlw2HtqQ6lCNGFNuECb3,0
6M2UnI1LnXuXlWU54CKmKx,0
3Qpk2qHree1RTH5lZaKnEK,0
6hdAJhtdNZ9NZzxcThJdtI,0
7JFIDJAi9RoCn0JYavNLRG,0
6f7zyAEUCZuvX4Zty62Z5o,0
3UaP2PQwhA31keZXt7oPLA,0
7DbE178OOsJfJKyiNObOsw,0
31phvnfUfwzi0nf3dO814j,0
5iyNH1Dmxif1k4Nl1gMeuh,0
15Vuw407y6UWIPUfGrpJ1e,0
3yLmDJjYoPTeyGi5eA08S2,0
5c3mUtkS8FvumKaVkcpB0H,0
0otoJd1qgMy43XGQZUZlAe,0
54elF1CcF8IpFvLJcQZE3I,0
2tyITgmOGVz6rqleDokbEN,0
5CgMQh6AknBXyyh0RHgLSw,0
2PaAG9RNH3HKL57LKc3GJI,0
5qk6miJtrpyIs21IKCne0i,0
4nt1pLbjBHtpHFarYXRHHN,0
15BmNnMZTnPTawkFaJv1JR,0
2TktNdu8PMfhApbWHDFSgZ,0
5XsoDbDt98b0FkFLOhsJuS,0
5Rn1DPzSzUktbhuNDDJocS,0
0hL7tvMKBLW30sige6ctu7,0
5XXJqs7f42R8PAY4Xcr0ax,0
2l4jNaGkJZth1nMmRm5Mrw,0
2UxoM5vASUmjcNpJPyn5A3,0
4UDFr3P1lRS6seQfmzCjz7,0
0e5STSwtLEXKN4ygFYydJd,0
3APdIdF8H0jsxSuGOqXedS,0
7MkhC2h8lDwyEfaKxf48cJ,0
5kg1GacbhgQfLcbgOBRO9c,0
7gw6rSstVq9CmuQAaZhWm8,0
436U9qhMOIoVeA7FJMWC5C,0
2GTasAZimpxzNgE7aXFifI,0
5GeBgck1MU2tlIkMpsn8uT,0
7hhuXHAyn4egzc3do1Oiqe,0
58VEPMPowIVTIL3t3Vjel7,0
1tEto4JrqNmBZFH5uAiYqb,0
469feuqSbNddPWlsmDane7,0
5YvFCehmvpmLbhggjmspwE,0
5qY1bhNLa3UCEdecxvPALt,0
0Hhso2ZBu0Axvs1uO7U7Ey,0
2qJAzSE6uC94oH2NRoPrGl,0
22EimU5vjrNYV9A3aIGqso,0
3gv6ZRvumAlDJufUM93hfv,0
66wEHvHkE7iz73PEob4Y98,0
1pkxt88mn20iZBTfoq8t1t,0
36kpmK0tVwnkPSzarJ2AG4,0
6UAa8cVaMCUXeP3Ye40VNU,0
5hFpPW487pXxcZ95olswrY,0
7AJtoJnHV80IMEHgQs6YvU,0
4o08tZyCpk2exnO9HGoAO5,0
0iQxTkoUwfGBhciZUSNPmz,0
02v9KVBgpXJtuHtr99DuMM,0
0btSn1i81ONWKeMxUhWSij,0
0V6i9XZ7NOfXQAygSaswnM,0
5iFWcT2pAD7RxynPgThQBO,0
4bPF3oy4JsKK1UeMMn7Byf,0
3FrzIfTz8mMS8Xowzu3ZUj,0
1qbbe3NDhzji6McfE0semr,0
2OtMj6EZp2KE39ONcoTcEu,0
2r1CHpKRDdzHGJScn5UqjX,0
5zKRKQwLVBT1WDJE7XJrnm,0
2cYVtBHkrkk7F2qU2Y7Fn0,0
0se928CIhZPlfVGi3A6zrx,0
2QY6SJXVnBFaqxOZhC1Fuu,0
65bMbbRjIlGyJBgQRi6Qvv,0
2VGs7EmaIxq96Wcog6DQOc,0
0Yzg5gttgeusAFIDCNPR77,0
1QZRCi2Z1DQQaR6bGAzhtN,0
4fyR24BKznXBLNkK8LwWla,0
3yRLROmAcKJBqTrdEczFB8,0
5R1WyFcSEkDARtEx92oftS,0
3hVc5y5mbcIEPADRGGGru9,0
3XyFQxpSlGowWpZkIn3ISA,0
3VXh3jYTW3lTxtXRnu2TKP,0
0QHEWicUbdyWuHsMcVd1Ka,0
5R6T1zVAE6cpBorNs8MVGU,0
4J9n7thOdqi8gxRGNyQoVC,0
5GjxbFTZAMhrVfVrNrrwrG,0
7n6AQKpZUGiJM2auF3yuDY,0
0l1i3nJ4aDMk0inxnvzYTz,0
7q7eYVerltlW2sYBuga6Mj,0
4XbZq7eYb65f2VqxmEmuFT,0
0e4aaLjrK6sjHyp6eOlhjr,0
1ZdZsEaBrBujprmcEUSD69,0
4Y70dLMjN7YqrqiymDOECF,0
7JO9eapvRDxH3mxYgbtfbJ,0
1odxEERyg5Du4cFhbcbMfq,0
3yvbA7flrBefE7jg5tTj27,0
6n92iq9Kni83H6IroZ3RJJ,0
6GwjeSBaJ7C8yZXklaXXY1,0
3G8o2zm7LaF6eeVuvLlrkJ,0
0t4OUMPCxSFbUqcyyrojn5,0
2mUhom1j7dIshU56wUdfbu,0
6wXPV6dNRAhFavrRaCdMXT,0
3RTL7zAwEu9vi5F4M9zeX1,0
1CapGmE3jqZpEATdujksnX,0
21Af1fetSINZpmAS3si8DW,0
5uYmDNr4D1rG3UmZbLBwzr,0
4QEcf7qwhCKoehH1ntV8qi,0
0rUN8ascPVT9iiLzC5ocPw,0
3nIJkIa3qRlS65TaDFkXhB,0
1lBYgFwMRvvwgEhdAZTWVu,0
7MvQQGqYE4r0ucTarmI2Gr,0
0fGImK9uWSruIRhKGyjUC0,0
22WubMzx5mkCAHZHvInkpH,0
7Czm0vv2sYL5z4P51KY66e,0
4eu27jAU2bbnyHUC3G75U8,0
18e3XXYCv4Tx8uUl1mP3CN,0
5cgKosPPj5Cs9a2JQufUc1,0
4bD9z9qa4qg9BhryvYWB7c,0
3W1XPf7mvuQcWQB7U7MbTM,0
131yybV7A3TmC34a0qE8u8,0
4gmL6HURFqPMwx8nWQoOn2,0
6ZdUoU3nGE4elsw4HSu5fu,0
2nxqHED3XbVYMx4fBgifDG,0
1sxh0eqIb8ulYypPuq6ZRu,0
5DqatlowP9JciDW3fgDFaF,0
7Hd216xGh0HkQFtklXMfUM,0
4gdeDU1zELLtxGXHa0ulfw,0
5FihcmME7NlwW8KbYOaHVH,0
7hXnhouVPnOnFwCGrQMHvB,0
3TAhWtQnpoL5Vl9VQPl9fU,0
723xQva0yBF7M6K3nDAG8R,0
7e6qTHVfRdaYsio90s1fHC,0
46elU7IBKWf55D5sjHGqO7,0
5Nd4DTIDWYkkZfi1NpgvJk,0
3F0I9AkbRwz12yz7Hxn0bF,0
15KvWFuKadQjcyfXdNCd7u,0
6LX6modQsxnBouh7yZT6qx,0
4FcknXDJ8yW2QYUl0cm6uJ,0
1VbXUh2VZVC0LTZXVsTeq6,0
3GYSZevXUi39MQ76krsLJ6,0
11c69hzfxZP5QlTNP77bbB,0
5UYtQgpRM8LwuIp6Jq9s04,0
1Hc6mNMtqr6siQUJUMDiOz,0
1bBqaSKg9EdC70V7fT7r9F,0
5iF7J1IUGUUC3baRA3g9wg,0
18AId3X5GULxDCCjyRTCIQ,0
4F01aq2lm2NhkKSf56NzRh,0
1uzkWkIaWaxzHJgJ4Fy5rO,0
4lyGHwV0KDVaOhvB0R6y86,0
5cjVsWqIkBQC7acTRhL0RO,0
0sUAJpnEbHak1FDXATrt2p,0
7xxxQG1BupSnOBo4qId9kl,0
3A04b0nJb2nAzGUw2rqDsI,0
6HGoVbCUr63SgU3TjxEVj6,0
6riCsiX9csuomBYnenrtGd,0
0Bo5fjMtTfCD8vHGebivqc,0
02N5ZxOVugGQmKeIT0VXUx,0
3CVsfCGtVJGLH9UQMKmBMC,0
6n6hEYHXBzWfdSzBX20ZRw,0
6y5hV4UIPFavg6ojxwIzoU,0
4O2pDrAMW6rOszMsbA2NRb,0
0U9AVN16faf2iOWEOt67H8,0
549FZ0BWEyIGVbo9FUOqPl,0
5EqggGHTuqiUfruO2gMHhI,0
1stVza4MJVct2rEcKH1rfZ,0
05u1LH6DMVfPkehduAfEdH,0
3k8WLAvWeWWjPiIWgTESSx,0
28DoaqIu4I9jFtPqqwPFbR,0
4vzxMUpjguMIFf3hN4yxLZ,0
67VHAZo2eUry9rcCeTGlhs,0
6bRMrsjdHJ6W7zDEep3JlE,0
0iG83qZ0ftWr43VggRYkp3,0
3OGQ5gp3dkZ38eIjRKLF4V,0
1pKiclTcbYKsqLd6LiBTp9,0
4bQyesIj0PjREfvFIQL0Lv,0
44OZwf1pS0nnoPJEz2pqAX,0
1ZmaJl1kHdTxbzji59LD2c,0
1uHd2tBRzotyWUS3iQeDN7,0
1ZuiLg9dJJPf3s2Zj1Lmks,0
3pNxVP6r45iUho1uxEYdj9,0
6dIneNWcDmYaszGt71xgBR,0
37lzNf9Ylt8JXZcBk1yuCD,0
7GE3LwWzboPaTN0TlDcPs1,0
0jWrfBcKMBQjJnDbpM6GMu,0
2Z5IsY5dxdYZArJ1aYbaHZ,0
2u9BD3PcGW3yDzgDKoEdEd,0
